GLCM-Energy,GLCM-Homogeneity,Mean Red,Sqrt Mean Red,StD Red,Mean Green,Sqrt Mean Green,StD Green,Mean Blue,Sqrt Mean Blue,StD Blue,Mean RGB,Mean H,StD H,Mean S,StD S,Mean V,StD V,Label
0.439,0.9620000000000001,5.2829999999999995,2.299,35.565,5.265,2.294,35.411,5.24,2.289,35.239000000000004,5.263,1.6219999999999999,15.519,0.159,1.705,5.3389999999999995,35.908,Amaranthacea
0.436,0.963,2.234,1.495,23.345,2.205,1.485,22.998,2.158,1.469,22.506,2.199,0.271,4.437,0.124,1.7069999999999999,2.2569999999999997,23.54,Amaranthacea
0.428,0.963,0.616,0.785,11.129000000000001,0.708,0.841,12.652000000000001,0.736,0.858,13.139000000000001,0.687,0.379,7.135,0.146,2.891,0.745,13.296,Amaranthacea
0.447,0.966,0.19899999999999998,0.446,7.053,0.195,0.441,6.8839999999999995,0.19,0.436,6.718999999999999,0.19399999999999998,0.02,1.032,0.013999999999999999,0.607,0.201,7.12,Amaranthacea
0.7829999999999999,0.9640000000000001,0.7440000000000001,0.863,12.65,0.82,0.9059999999999999,13.785,0.835,0.914,14.015,0.8,0.361,6.771,0.126,2.6060000000000003,0.8490000000000001,14.255,Amaranthacea
0.7709999999999999,0.965,0.08900000000000001,0.298,3.905,0.113,0.336,4.9510000000000005,0.121,0.34700000000000003,5.29,0.107,0.07200000000000001,3.1660000000000004,0.035,1.569,0.121,5.29,Amaranthacea
0.795,0.9640000000000001,0.6759999999999999,0.8220000000000001,12.790999999999999,0.6709999999999999,0.8190000000000001,12.677999999999999,0.677,0.823,12.779000000000002,0.675,0.349,8.161,0.042,1.065,0.695,13.110999999999999,Amaranthacea
0.7879999999999999,0.963,0.085,0.29100000000000004,3.821,0.10800000000000001,0.32899999999999996,4.87,0.115,0.33899999999999997,5.175,0.10300000000000001,0.068,3.0469999999999997,0.033,1.537,0.115,5.175,Amaranthacea
0.8490000000000001,0.965,0.617,0.7859999999999999,11.095,0.716,0.846,12.731,0.745,0.863,13.225999999999999,0.693,0.409,7.665,0.152,3.029,0.7509999999999999,13.345,Amaranthacea
0.816,0.968,0.055999999999999994,0.237,3.033,0.075,0.273,4.021,0.08,0.282,4.29,0.07,0.047,2.5380000000000003,0.026000000000000002,1.399,0.08,4.29,Amaranthacea
0.787,0.981,254.822,15.963,3.2969999999999997,0.6759999999999999,0.8220000000000001,12.162,0.687,0.8290000000000001,12.367,85.395,0.397,7.237,254.308,12.470999999999998,254.90400000000002,1.785,Apiaceae
0.8220000000000001,0.981,254.997,15.969000000000001,0.43200000000000005,0.008,0.091,1.344,0.008,0.092,1.3719999999999999,85.005,0.005,0.8140000000000001,254.99200000000002,1.307,254.99900000000002,0.201,Apiaceae
0.816,0.98,254.99400000000003,15.969000000000001,0.583,0.028999999999999998,0.171,2.543,0.028999999999999998,0.16899999999999998,2.489,85.01700000000001,0.012,1.137,254.96900000000002,2.661,254.99599999999998,0.354,Apiaceae
0.8079999999999999,0.9790000000000001,254.937,15.967,2.309,0.166,0.40700000000000003,5.975,0.17300000000000001,0.41600000000000004,6.224,85.09200000000001,0.10300000000000001,3.7089999999999996,254.847,5.532,254.976,0.892,Apiaceae
0.782,0.982,254.537,15.954,5.38,1.788,1.337,19.82,1.825,1.351,20.222,86.05,1.048,11.991,253.201,19.976,254.769,2.717,Apiaceae
0.7829999999999999,0.982,254.743,15.960999999999999,3.9930000000000003,0.98,0.99,14.727,1.0,1.0,15.020999999999999,85.574,0.5760000000000001,8.771,254.02200000000002,14.717,254.877,1.962,Apiaceae
0.782,0.982,254.827,15.963,3.312,0.631,0.794,11.776,0.643,0.802,12.012,85.367,0.379,7.1160000000000005,254.368,11.818,254.91400000000002,1.671,Apiaceae
0.777,0.983,254.671,15.958,4.545,1.212,1.101,16.326,1.238,1.113,16.686,85.70700000000001,0.728,9.836,253.78900000000002,16.340999999999998,254.84099999999998,2.262,Apiaceae
0.7390000000000001,0.98,254.84599999999998,15.964,3.267,0.562,0.75,11.165,0.563,0.75,11.186,85.324,0.297,6.093999999999999,254.45,10.962,254.926,1.5390000000000001,Apiaceae
0.733,0.98,254.829,15.963,3.1710000000000003,0.7829999999999999,0.885,13.312000000000001,0.7759999999999999,0.8809999999999999,13.181,85.463,0.379,6.8260000000000005,254.22099999999998,13.257,254.912,1.6119999999999999,Apiaceae
0.7829999999999999,0.981,254.798,15.962,3.928,0.742,0.861,12.76,0.7440000000000001,0.862,12.774000000000001,85.428,0.37799999999999995,6.944,254.282,12.355,254.905,1.821,Apiaceae
0.715,0.9790000000000001,254.984,15.968,0.758,0.672,0.82,12.714,0.621,0.7879999999999999,11.731,85.426,0.09300000000000001,2.164,254.37099999999998,11.890999999999998,254.988,0.478,Apiaceae
0.716,0.9790000000000001,254.982,15.968,1.11,0.077,0.27699999999999997,4.128,0.075,0.275,4.062,85.045,0.038,2.307,254.925,4.055,254.99099999999999,0.573,Apiaceae
0.643,0.972,254.88,15.965,3.1239999999999997,0.32299999999999995,0.568,8.283,0.336,0.58,8.627,85.18,0.205,5.266,254.692,7.919,254.95,1.3219999999999998,Apiaceae
0.7240000000000001,0.98,254.93,15.967,2.3680000000000003,0.21100000000000002,0.45899999999999996,6.694,0.215,0.46399999999999997,6.819,85.119,0.11800000000000001,3.935,254.787,6.8,254.963,1.179,Apiaceae
0.605,0.9690000000000001,254.959,15.967,1.3880000000000001,0.746,0.8640000000000001,13.182,0.711,0.843,12.558,85.47200000000001,0.106,2.7760000000000002,254.27200000000002,12.87,254.97,0.843,Apiaceae
0.608,0.9690000000000001,254.99900000000002,15.969000000000001,0.201,0.002,0.045,0.6629999999999999,0.002,0.046,0.669,85.001,0.001,0.40299999999999997,254.998,0.6970000000000001,255.0,0.121,Apiaceae
0.604,0.9690000000000001,254.995,15.969000000000001,0.54,0.021,0.146,2.167,0.021,0.146,2.176,85.012,0.013000000000000001,1.415,254.97799999999998,2.2159999999999997,254.997,0.295,Apiaceae
0.61,0.9690000000000001,254.99,15.968,0.7709999999999999,0.098,0.312,4.765,0.092,0.304,4.494,85.06,0.024,1.514,254.90599999999998,4.573,254.99400000000003,0.423,Apiaceae
0.61,0.9690000000000001,254.977,15.968,1.121,0.213,0.462,6.985,0.204,0.452,6.686,85.131,0.049,2.258,254.79,6.888999999999999,254.985,0.645,Apiaceae
0.541,0.97,254.99,15.968,0.746,0.042,0.204,3.02,0.042,0.204,3.032,85.025,0.026000000000000002,1.955,254.956,3.187,254.99400000000003,0.46299999999999997,Apiaceae
0.537,0.97,254.995,15.969000000000001,0.5660000000000001,0.016,0.128,1.9,0.016,0.127,1.8769999999999998,85.009,0.009000000000000001,1.02,254.983,1.916,254.997,0.301,Apiaceae
0.5489999999999999,0.97,254.905,15.966,2.146,0.987,0.993,15.04,0.945,0.972,14.395,85.61200000000001,0.243,5.06,254.02,14.947000000000001,254.93400000000003,1.367,Apiaceae
0.532,0.9690000000000001,254.953,15.967,1.57,0.35200000000000004,0.594,9.062999999999999,0.33799999999999997,0.581,8.681000000000001,85.214,0.11599999999999999,3.432,254.649,9.027999999999999,254.97099999999998,0.915,Apiaceae
0.53,0.977,254.195,15.943,7.041,3.0839999999999996,1.756,25.927,3.139,1.7719999999999998,26.379,86.806,1.828,15.610999999999999,251.87599999999998,26.301,254.58599999999998,3.6489999999999996,Apiaceae
0.531,0.9690000000000001,255.0,15.969000000000001,0.0,0.0,0.0,0.0,0.0,0.0,0.0,85.0,0.0,0.0,255.0,0.0,255.0,0.0,Apiaceae
0.45899999999999996,0.9590000000000001,254.94400000000002,15.967,1.847,0.248,0.498,7.407,0.25,0.5,7.465,85.147,0.13,4.183,254.74599999999998,7.604,254.96900000000002,1.008,Apiaceae
0.45299999999999996,0.961,254.672,15.958,4.9319999999999995,1.689,1.3,19.355,1.67,1.2919999999999998,19.12,86.01,0.537,7.982,253.33700000000002,19.184,254.829,2.148,Apiaceae
0.449,0.96,254.949,15.967,1.815,0.222,0.47100000000000003,7.007999999999999,0.22,0.469,6.945,85.13,0.10800000000000001,3.694,254.77599999999998,7.091,254.97099999999998,1.004,Apiaceae
0.45,0.961,254.96099999999998,15.967,1.682,0.126,0.354,5.202999999999999,0.129,0.359,5.3260000000000005,85.072,0.07400000000000001,3.133,254.875,5.209,254.981,0.823,Apiaceae
0.45,0.961,254.99599999999998,15.969000000000001,0.555,0.012,0.109,1.59,0.012,0.11,1.621,85.007,0.006999999999999999,0.99,254.988,1.63,254.998,0.294,Apiaceae
0.452,0.9620000000000001,254.748,15.960999999999999,3.8930000000000002,1.0070000000000001,1.003,14.909,1.0170000000000001,1.0090000000000001,15.062999999999999,85.59100000000001,0.57,8.605,253.97299999999998,15.234000000000002,254.865,2.11,Apiaceae
0.456,0.971,254.269,15.946,6.837000000000001,2.667,1.633,24.146,2.73,1.652,24.706,86.555,1.617,14.705,252.34799999999998,24.044,254.653,3.318,Apiaceae
0.447,0.96,254.96900000000002,15.968,1.515,0.096,0.31,4.548,0.098,0.314,4.658,85.054,0.06,2.823,254.905,4.5280000000000005,254.985,0.7290000000000001,Apiaceae
0.45299999999999996,0.9590000000000001,254.94099999999997,15.967,1.5719999999999998,0.5770000000000001,0.759,11.397,0.575,0.758,11.357999999999999,85.36399999999999,0.268,7.206,254.399,11.879000000000001,254.954,1.101,Apiaceae
0.44799999999999995,0.96,254.82,15.963,2.8930000000000002,1.13,1.063,16.037,1.114,1.055,15.802,85.68799999999999,0.45799999999999996,7.42,253.833,16.56,254.88400000000001,1.855,Apiaceae
0.46299999999999997,0.965,254.985,15.968,0.9640000000000001,0.06,0.244,3.6460000000000004,0.06,0.244,3.6430000000000002,85.035,0.031,1.965,254.93900000000002,3.705,254.99200000000002,0.527,Apiaceae
0.465,0.965,254.908,15.966,2.178,0.526,0.725,10.902999999999999,0.518,0.72,10.742,85.31700000000001,0.218,5.088,254.457,11.263,254.94099999999997,1.3419999999999999,Apiaceae
0.46299999999999997,0.9640000000000001,254.946,15.967,1.6440000000000001,0.379,0.616,9.346,0.365,0.605,9.004,85.23,0.126,3.634,254.61599999999999,9.46,254.965,1.008,Apiaceae
0.47600000000000003,0.97,254.69,15.959000000000001,4.373,1.179,1.0859999999999999,16.129,1.198,1.094,16.383,85.689,0.6920000000000001,9.599,253.815,16.225,254.84400000000002,2.259,Apiaceae
0.452,0.961,254.96400000000003,15.968,1.679,0.1,0.316,4.579,0.10400000000000001,0.322,4.765,85.056,0.065,2.99,254.90099999999998,4.5680000000000005,254.983,0.7959999999999999,Apiaceae
0.467,0.966,254.97,15.968,1.371,0.11,0.332,4.896,0.111,0.33299999999999996,4.907,85.064,0.061,2.785,254.885,5.118,254.982,0.8009999999999999,Apiaceae
0.485,0.9640000000000001,254.96200000000002,15.968,1.52,0.142,0.377,5.5729999999999995,0.14300000000000002,0.37799999999999995,5.602,85.08200000000001,0.083,3.321,254.852,5.797999999999999,254.97799999999998,0.88,Apiaceae
0.493,0.96,254.951,15.967,1.805,0.17600000000000002,0.419,6.172999999999999,0.17800000000000002,0.42200000000000004,6.239,85.102,0.1,3.653,254.82,6.33,254.97299999999998,0.973,Apiaceae
0.494,0.96,254.908,15.966,1.8730000000000002,2.134,1.4609999999999999,22.239,2.026,1.423,21.111,86.35600000000001,0.299,5.187,252.925,21.62,254.92700000000002,1.183,Apiaceae
0.491,0.96,254.868,15.965,2.565,0.946,0.972,14.759,0.915,0.956,14.267000000000001,85.57600000000001,0.317,5.769,254.048,14.865,254.917,1.5630000000000002,Apiaceae
0.509,0.9670000000000001,252.30200000000002,15.884,14.373,8.415,2.9010000000000002,41.867,8.636000000000001,2.9389999999999996,42.941,89.78399999999999,4.768,24.566,246.83,40.882,253.797,6.2139999999999995,Apiaceae
0.495,0.961,254.972,15.968,1.296,0.115,0.34,5.033,0.11599999999999999,0.34,5.0360000000000005,85.068,0.06,2.762,254.878,5.307,254.983,0.782,Apiaceae
0.474,0.966,254.982,15.968,0.9590000000000001,0.099,0.315,4.763,0.098,0.313,4.695,85.06,0.046,2.333,254.898,4.87,254.989,0.589,Apiaceae
0.467,0.965,251.725,15.866,14.814,14.415,3.7969999999999997,55.346000000000004,14.619000000000002,3.823,56.111000000000004,93.586,7.4879999999999995,30.35,240.835,54.853,253.547,6.287999999999999,Apiaceae
0.45899999999999996,0.963,254.96099999999998,15.967,1.486,0.267,0.517,7.869,0.256,0.506,7.53,85.161,0.086,2.964,254.736,7.763,254.977,0.8220000000000001,Apiaceae
0.45399999999999996,0.96,254.81900000000002,15.963,3.775,0.625,0.7909999999999999,11.545,0.65,0.8059999999999999,11.992,85.365,0.32899999999999996,6.782,254.377,11.529000000000002,254.916,1.676,Apiaceae
0.456,0.963,254.782,15.962,3.353,1.3130000000000002,1.146,17.169,1.307,1.143,17.078,85.801,0.609,9.086,253.639,17.789,254.861,2.074,Apiaceae
0.5760000000000001,0.9670000000000001,254.958,15.967,1.466,0.455,0.675,10.407,0.42100000000000004,0.649,9.609,85.27799999999999,0.127,3.451,254.56599999999997,9.919,254.97299999999998,0.877,Apiaceae
0.447,0.961,254.955,15.967,1.72,0.152,0.39,5.694,0.157,0.397,5.88,85.088,0.099,3.722,254.84,5.98,254.975,0.9520000000000001,Apiaceae
0.45899999999999996,0.9640000000000001,254.94799999999998,15.967,1.615,0.7879999999999999,0.887,13.658,0.735,0.857,12.734000000000002,85.49,0.161,3.53,254.25099999999998,12.993,254.967,0.9229999999999999,Apiaceae
0.885,0.98,254.738,15.960999999999999,4.502,0.693,0.833,11.755,0.6990000000000001,0.836,11.857000000000001,85.37700000000001,0.433,7.474,254.21900000000002,13.254000000000001,254.82,3.0869999999999997,Asteraceae
0.852,0.9740000000000001,254.951,15.967,1.6480000000000001,0.22399999999999998,0.473,6.792000000000001,0.215,0.46399999999999997,6.534,85.13,0.078,3.1260000000000003,254.747,7.678,254.956,1.466,Asteraceae
0.867,0.976,254.989,15.968,0.682,0.099,0.315,4.614,0.091,0.301,4.22,85.06,0.021,1.5290000000000001,254.90099999999998,4.622,254.99,0.61,Asteraceae
0.862,0.975,254.967,15.968,0.948,0.9259999999999999,0.9620000000000001,14.434000000000001,0.8059999999999999,0.898,12.565,85.566,0.11199999999999999,2.1109999999999998,254.167,13.005,254.96900000000002,0.89,Asteraceae
0.861,0.975,254.92700000000002,15.966,2.29,0.344,0.586,8.494,0.325,0.57,8.024,85.199,0.132,3.949,254.648,8.699,254.94799999999998,1.609,Asteraceae
0.8759999999999999,0.9790000000000001,254.94099999999997,15.967,1.4369999999999998,1.04,1.02,15.220999999999998,0.9179999999999999,0.958,13.442,85.633,0.155,3.125,254.03799999999998,14.116,254.946,1.245,Asteraceae
0.873,0.978,254.896,15.965,2.4130000000000003,0.5539999999999999,0.7440000000000001,10.747,0.529,0.728,10.257,85.32700000000001,0.16899999999999998,4.47,254.388,11.887,254.90599999999998,2.162,Asteraceae
0.897,0.983,254.918,15.966,2.011,0.37,0.608,8.707,0.359,0.599,8.449,85.21600000000001,0.063,1.9,254.565,10.224,254.92,1.959,Asteraceae
0.8740000000000001,0.98,254.87,15.965,2.496,0.649,0.805,11.61,0.627,0.792,11.231,85.382,0.17800000000000002,4.706,254.27,13.068,254.88,2.258,Asteraceae
0.8809999999999999,0.981,254.87099999999998,15.965,3.053,0.359,0.599,8.362,0.36,0.6,8.381,85.197,0.20199999999999999,5.115,254.56799999999998,10.074,254.89700000000002,2.44,Asteraceae
0.684,0.968,254.422,15.950999999999999,3.668,7.932,2.8160000000000003,41.472,7.242000000000001,2.6910000000000003,37.888000000000005,89.865,0.87,4.7330000000000005,247.24900000000002,40.493,254.423,3.655,Asteraceae
0.6970000000000001,0.966,254.588,15.956,2.4419999999999997,8.637,2.9389999999999996,43.498999999999995,7.667999999999999,2.7689999999999997,38.649,90.29799999999999,0.9520000000000001,4.827,246.97400000000002,40.431,254.588,2.4419999999999997,Asteraceae
0.685,0.9690000000000001,254.93900000000002,15.967,1.805,0.327,0.5720000000000001,8.277000000000001,0.309,0.556,7.829,85.19200000000001,0.085,2.773,254.642,9.104,254.94400000000002,1.631,Asteraceae
0.644,0.9620000000000001,254.977,15.968,0.797,0.384,0.62,9.08,0.33899999999999997,0.583,8.022,85.23299999999999,0.04,1.351,254.641,8.49,254.977,0.752,Asteraceae
0.64,0.965,254.975,15.968,1.169,0.10400000000000001,0.32299999999999995,4.604,0.1,0.317,4.444,85.06,0.025,1.6380000000000001,254.87900000000002,5.353,254.977,1.069,Asteraceae
0.645,0.966,254.983,15.968,0.823,0.171,0.413,6.109,0.156,0.395,5.5889999999999995,85.103,0.024,1.1320000000000001,254.83,6.1,254.984,0.7440000000000001,Asteraceae
0.645,0.9670000000000001,254.93900000000002,15.967,1.713,0.34299999999999997,0.585,8.522,0.33,0.574,8.209,85.204,0.156,5.033,254.62599999999998,9.32,254.945,1.5219999999999998,Asteraceae
0.6409999999999999,0.9670000000000001,254.99599999999998,15.969000000000001,0.418,0.033,0.182,2.658,0.031,0.17600000000000002,2.4930000000000003,85.02,0.004,0.332,254.965,2.819,254.99599999999998,0.418,Asteraceae
0.6459999999999999,0.968,254.842,15.964,3.029,0.612,0.782,11.134,0.597,0.773,10.869000000000002,85.35,0.233,5.622000000000001,254.287,12.968,254.861,2.634,Asteraceae
0.642,0.968,254.829,15.963,3.529,0.491,0.701,9.936,0.496,0.7040000000000001,10.029,85.272,0.324,6.807,254.435,11.425,254.875,2.576,Asteraceae
0.518,0.941,254.96599999999998,15.968,1.053,0.426,0.653,9.609,0.384,0.619,8.64,85.259,0.057,2.119,254.58700000000002,9.32,254.967,1.024,Asteraceae
0.45399999999999996,0.934,254.929,15.967,1.7590000000000001,0.519,0.72,10.667,0.501,0.708,10.292,85.316,0.132,3.96,254.447,11.357999999999999,254.937,1.525,Asteraceae
0.45399999999999996,0.9390000000000001,254.7,15.959000000000001,3.76,2.176,1.475,21.517,2.011,1.4180000000000001,19.868,86.296,0.423,6.314,252.731,22.474,254.71400000000003,3.545,Asteraceae
0.447,0.938,254.923,15.966,2.245,0.261,0.511,7.306,0.258,0.508,7.23,85.147,0.129,3.9360000000000004,254.692,8.605,254.93599999999998,1.8559999999999999,Asteraceae
0.45399999999999996,0.941,254.928,15.966,2.006,0.40299999999999997,0.635,9.202,0.37799999999999995,0.615,8.61,85.23700000000001,0.121,3.906,254.562,10.022,254.933,1.851,Asteraceae
0.45299999999999996,0.9390000000000001,254.97400000000002,15.968,1.068,0.18600000000000003,0.431,6.396,0.177,0.42100000000000004,6.0889999999999995,85.11200000000001,0.040999999999999995,1.847,254.803,6.763999999999999,254.977,0.9490000000000001,Asteraceae
0.456,0.9420000000000001,254.93599999999998,15.967,2.1180000000000003,0.19,0.436,6.183,0.188,0.434,6.136,85.105,0.102,3.54,254.78,7.156000000000001,254.952,1.604,Asteraceae
0.447,0.9390000000000001,254.88400000000001,15.965,2.695,0.42,0.648,9.203,0.41700000000000004,0.6459999999999999,9.146,85.24,0.235,6.032,254.507,10.806,254.90200000000002,2.254,Asteraceae
0.46299999999999997,0.945,254.845,15.964,2.258,1.052,1.025,14.755999999999998,0.975,0.988,13.686,85.624,0.10300000000000001,1.615,253.889,15.58,254.845,2.242,Asteraceae
0.466,0.9420000000000001,254.947,15.967,1.599,0.3,0.5479999999999999,7.79,0.284,0.5329999999999999,7.372999999999999,85.177,0.046,2.081,254.67,8.575,254.949,1.506,Asteraceae
0.316,0.888,254.613,15.957,3.002,4.095,2.024,29.302,3.745,1.935,26.791999999999998,87.484,0.366,2.675,250.923,29.156999999999996,254.613,3.002,Asteraceae
0.38299999999999995,0.922,254.946,15.967,1.791,0.18899999999999997,0.435,6.176,0.187,0.43200000000000005,6.093999999999999,85.10700000000001,0.085,3.437,254.77200000000002,7.431,254.952,1.5859999999999999,Asteraceae
0.344,0.882,254.924,15.966,1.7409999999999999,0.514,0.7170000000000001,10.375,0.479,0.6920000000000001,9.668,85.306,0.083,2.498,254.46099999999998,10.884,254.928,1.591,Asteraceae
0.35100000000000003,0.8809999999999999,254.993,15.968,0.628,0.051,0.226,3.32,0.047,0.217,3.037,85.03,0.01,0.758,254.946,3.485,254.993,0.601,Asteraceae
0.344,0.878,254.919,15.966,1.358,1.244,1.115,16.49,1.093,1.045,14.488,85.75200000000001,0.139,2.199,253.83700000000002,15.433,254.919,1.355,Asteraceae
0.336,0.88,254.99200000000002,15.968,0.619,0.064,0.254,3.7889999999999997,0.06,0.245,3.553,85.039,0.018000000000000002,1.244,254.93400000000003,3.8930000000000002,254.993,0.535,Asteraceae
0.325,0.879,254.83,15.963,3.7239999999999998,0.42100000000000004,0.649,9.074,0.42700000000000005,0.654,9.199,85.226,0.27899999999999997,6.131,254.512,10.517999999999999,254.87900000000002,2.639,Asteraceae
0.33399999999999996,0.8759999999999999,254.505,15.953,6.315,1.265,1.125,15.817,1.266,1.125,15.835,85.679,0.7490000000000001,9.683,253.574,17.861,254.65900000000002,4.328,Asteraceae
0.319,0.877,254.928,15.966,1.726,0.436,0.66,9.543,0.41200000000000003,0.642,9.012,85.259,0.07200000000000001,2.5810000000000004,254.525,10.419,254.93,1.6580000000000001,Asteraceae
0.316,0.882,254.798,15.962,2.224,4.122,2.03,29.844,3.6860000000000004,1.92,26.684,87.536,0.39399999999999996,3.114,251.141,27.939,254.8,2.166,Asteraceae
0.604,0.9259999999999999,254.954,15.967,1.304,0.344,0.5870000000000001,8.56,0.317,0.563,7.898,85.205,0.057999999999999996,2.388,254.641,8.943,254.955,1.287,Asteraceae
0.611,0.922,254.91299999999998,15.966,2.351,0.289,0.5379999999999999,7.556,0.287,0.535,7.48,85.163,0.14400000000000002,4.492,254.64700000000002,9.208,254.922,2.084,Asteraceae
0.607,0.9279999999999999,254.93,15.967,2.131,0.226,0.475,6.672000000000001,0.22399999999999998,0.474,6.631,85.12700000000001,0.124,4.277,254.726,8.087,254.93900000000002,1.84,Asteraceae
0.609,0.927,254.87900000000002,15.965,2.53,0.525,0.725,10.335,0.512,0.715,10.064,85.305,0.16699999999999998,4.761,254.385,12.084000000000001,254.886,2.3609999999999998,Asteraceae
0.612,0.9279999999999999,254.863,15.964,2.821,0.5660000000000001,0.753,10.751,0.545,0.738,10.337,85.325,0.19699999999999998,4.967,254.34900000000002,12.357999999999999,254.878,2.469,Asteraceae
0.615,0.9279999999999999,254.78,15.962,3.344,1.135,1.065,15.365,1.068,1.033,14.452,85.661,0.243,4.501,253.747,16.958,254.794,3.091,Asteraceae
0.616,0.932,254.842,15.964,2.89,0.675,0.821,11.76,0.65,0.8059999999999999,11.325,85.389,0.19399999999999998,4.502,254.21599999999998,13.657,254.852,2.676,Asteraceae
0.618,0.922,254.40400000000002,15.95,6.816,1.5630000000000002,1.25,17.608,1.579,1.2570000000000001,17.795,85.84899999999999,1.006,11.532,253.235,19.905,254.59099999999998,4.688,Asteraceae
0.611,0.922,254.968,15.968,1.227,0.18100000000000002,0.425,6.228,0.175,0.419,6.047999999999999,85.10799999999999,0.039,1.92,254.797,6.985,254.97,1.1540000000000001,Asteraceae
0.5,0.94,0.205,0.45299999999999996,6.311,0.23600000000000002,0.485,7.229,0.24100000000000002,0.491,7.397,0.22699999999999998,0.14,4.3069999999999995,0.04,1.325,0.242,7.42,Brassicaceae
0.42,0.935,2.123,1.4569999999999999,22.919,2.039,1.4280000000000002,22.015,1.921,1.386,20.74,2.0269999999999997,0.254,3.739,0.21,2.364,2.126,22.955,Brassicaceae
0.424,0.935,0.7959999999999999,0.892,13.697000000000001,0.79,0.889,13.515,0.762,0.873,13.012,0.7829999999999999,0.19899999999999998,4.677,0.10400000000000001,1.896,0.8290000000000001,14.181,Brassicaceae
0.431,0.9359999999999999,0.094,0.306,4.236000000000001,0.109,0.331,4.9110000000000005,0.11199999999999999,0.335,5.021,0.105,0.063,2.886,0.022000000000000002,1.053,0.113,5.071000000000001,Brassicaceae
0.425,0.935,0.616,0.785,12.02,0.625,0.79,12.117,0.5920000000000001,0.77,11.475999999999999,0.611,0.177,4.294,0.083,1.705,0.645,12.51,Brassicaceae
0.419,0.934,0.193,0.439,6.297000000000001,0.21100000000000002,0.45899999999999996,6.841,0.212,0.461,6.872000000000001,0.205,0.111,3.833,0.031,1.113,0.217,7.028,Brassicaceae
0.41600000000000004,0.935,0.19,0.436,6.186,0.213,0.462,6.897,0.217,0.466,7.016,0.20600000000000002,0.114,3.877,0.038,1.311,0.221,7.144,Brassicaceae
0.49200000000000005,0.948,0.17300000000000001,0.415,5.747999999999999,0.19899999999999998,0.446,6.593999999999999,0.203,0.451,6.739,0.191,0.11699999999999999,3.924,0.035,1.237,0.203,6.756,Brassicaceae
0.47100000000000003,0.9470000000000001,0.28800000000000003,0.537,7.7139999999999995,0.314,0.56,8.349,0.318,0.564,8.459,0.307,0.161,4.649,0.048,1.4069999999999998,0.325,8.647,Brassicaceae
0.434,0.943,0.245,0.495,7.124,0.266,0.515,7.63,0.272,0.521,7.803999999999999,0.261,0.128,4.237,0.051,1.56,0.281,8.088,Brassicaceae
0.521,0.9490000000000001,0.40700000000000003,0.638,8.742,0.475,0.6890000000000001,10.174,0.49,0.7,10.503,0.457,0.295,6.337999999999999,0.09300000000000001,2.113,0.49,10.505999999999998,Brassicaceae
0.518,0.9490000000000001,0.136,0.369,5.0889999999999995,0.158,0.39799999999999996,5.905,0.163,0.40399999999999997,6.087000000000001,0.153,0.096,3.5860000000000003,0.03,1.207,0.16399999999999998,6.093,Brassicaceae
0.501,0.945,0.147,0.384,5.28,0.172,0.414,6.138999999999999,0.17800000000000002,0.42100000000000004,6.348,0.166,0.106,3.784,0.034,1.258,0.17800000000000002,6.35,Brassicaceae
0.5329999999999999,0.9490000000000001,0.168,0.41,5.8020000000000005,0.187,0.433,6.445,0.18899999999999997,0.435,6.51,0.182,0.106,3.7289999999999996,0.026000000000000002,0.996,0.191,6.559,Brassicaceae
0.7090000000000001,0.956,0.392,0.626,8.823,0.43700000000000006,0.6609999999999999,9.805,0.451,0.6709999999999999,10.109,0.42700000000000005,0.27699999999999997,6.269,0.066,1.661,0.451,10.12,Brassicaceae
0.713,0.956,0.282,0.531,7.559,0.311,0.557,8.295,0.32,0.5660000000000001,8.548,0.304,0.2,5.428999999999999,0.043,1.3119999999999998,0.321,8.561,Brassicaceae
0.746,0.9590000000000001,0.37,0.608,8.205,0.439,0.6629999999999999,9.697000000000001,0.45899999999999996,0.6779999999999999,10.142999999999999,0.423,0.284,6.329,0.102,2.401,0.46,10.16,Brassicaceae
0.746,0.9590000000000001,0.366,0.605,9.31,0.364,0.604,9.206,0.35,0.5920000000000001,8.836,0.36,0.098,3.2910000000000004,0.046,1.244,0.38,9.612,Brassicaceae
0.747,0.958,0.593,0.77,10.564,0.691,0.831,12.277999999999999,0.7170000000000001,0.847,12.747,0.667,0.431,7.6579999999999995,0.138,2.563,0.718,12.75,Brassicaceae
0.758,0.9590000000000001,0.48100000000000004,0.6940000000000001,9.769,0.5379999999999999,0.7340000000000001,10.907,0.551,0.743,11.165999999999999,0.524,0.32799999999999996,6.751,0.08199999999999999,1.805,0.5529999999999999,11.207,Brassicaceae
0.752,0.9590000000000001,1.088,1.043,14.578,1.229,1.109,16.392,1.262,1.123,16.819000000000003,1.193,0.722,9.838,0.21,3.127,1.27,16.939,Brassicaceae
0.825,0.965,0.08900000000000001,0.298,4.112,0.10099999999999999,0.318,4.68,0.10300000000000001,0.321,4.776,0.098,0.061,2.847,0.017,0.862,0.10400000000000001,4.797,Brassicaceae
0.828,0.965,0.455,0.675,9.513,0.507,0.7120000000000001,10.565,0.52,0.721,10.831,0.494,0.309,6.547999999999999,0.07400000000000001,1.7519999999999998,0.521,10.857000000000001,Brassicaceae
0.825,0.965,0.5489999999999999,0.741,10.285,0.631,0.794,11.805,0.653,0.8079999999999999,12.207,0.611,0.386,7.232,0.115,2.263,0.653,12.212,Brassicaceae
0.8270000000000001,0.965,0.611,0.7809999999999999,10.889000000000001,0.691,0.831,12.289000000000001,0.711,0.843,12.640999999999998,0.6709999999999999,0.43,7.689,0.11199999999999999,2.187,0.711,12.654000000000002,Brassicaceae
0.825,0.965,0.517,0.7190000000000001,11.03,0.518,0.72,10.968,0.496,0.7040000000000001,10.501,0.511,0.135,3.773,0.066,1.4909999999999999,0.539,11.419,Brassicaceae
0.8270000000000001,0.965,0.16399999999999998,0.405,5.59,0.19,0.436,6.477,0.195,0.441,6.626,0.183,0.115,3.935,0.035,1.3030000000000002,0.195,6.641,Brassicaceae
0.835,0.9670000000000001,0.36700000000000005,0.606,8.269,0.429,0.655,9.639,0.446,0.6679999999999999,10.022,0.414,0.27,6.1160000000000005,0.091,2.147,0.447,10.052,Brassicaceae
0.81,0.966,1.033,1.016,15.794,1.016,1.008,15.457,0.9590000000000001,0.9790000000000001,14.575,1.003,0.215,4.561,0.133,2.1069999999999998,1.06,16.143,Brassicaceae
0.758,0.9640000000000001,0.309,0.556,7.922000000000001,0.34,0.583,8.671,0.344,0.5870000000000001,8.779,0.331,0.191,5.11,0.046,1.335,0.348,8.873,Brassicaceae
0.765,0.9640000000000001,0.541,0.735,10.18,0.623,0.789,11.700999999999999,0.642,0.8009999999999999,12.058,0.602,0.382,7.199,0.113,2.2840000000000003,0.643,12.068,Brassicaceae
0.76,0.963,0.27399999999999997,0.524,7.231,0.315,0.561,8.294,0.321,0.5660000000000001,8.442,0.303,0.19,5.023,0.054000000000000006,1.524,0.322,8.465,Brassicaceae
0.759,0.963,0.271,0.521,7.178,0.312,0.5589999999999999,8.227,0.324,0.569,8.536,0.303,0.193,5.233,0.063,1.758,0.326,8.577,Brassicaceae
0.7559999999999999,0.9620000000000001,0.386,0.621,8.45,0.452,0.672,9.873,0.47,0.6859999999999999,10.27,0.436,0.28800000000000003,6.319,0.095,2.215,0.47,10.275,Brassicaceae
0.223,0.7809999999999999,0.7040000000000001,0.8390000000000001,12.857999999999999,0.698,0.836,12.697000000000001,0.6679999999999999,0.8170000000000001,12.138,0.69,0.163,3.992,0.084,1.5930000000000002,0.727,13.225,Plantaginaceae
0.27,0.846,0.12,0.34700000000000003,4.851,0.138,0.371,5.5329999999999995,0.142,0.377,5.7010000000000005,0.134,0.084,3.4160000000000004,0.024,1.1520000000000001,0.14300000000000002,5.7170000000000005,Plantaginaceae
0.24600000000000002,0.8079999999999999,0.275,0.524,7.165,0.32,0.5660000000000001,8.334,0.332,0.5760000000000001,8.641,0.309,0.201,5.24,0.065,1.746,0.332,8.641,Plantaginaceae
0.228,0.7929999999999999,2.106,1.4509999999999998,21.803,2.099,1.449,21.636,2.082,1.443,21.445999999999998,2.096,0.648,9.948,0.19899999999999998,2.392,2.185,22.519000000000002,Plantaginaceae
0.231,0.804,0.125,0.354,4.871,0.146,0.382,5.689,0.149,0.386,5.807,0.14,0.087,3.391,0.026000000000000002,1.051,0.149,5.807,Plantaginaceae
0.24100000000000002,0.8140000000000001,3.545,1.883,27.656,3.6069999999999998,1.899,28.055999999999997,3.638,1.9069999999999998,28.281999999999996,3.597,1.858,17.153,0.322,2.944,3.735,29.05,Plantaginaceae
0.223,0.787,1.329,1.153,16.55,1.413,1.189,17.543,1.444,1.202,17.926,1.396,0.8490000000000001,11.04,0.153,2.106,1.456,18.074,Plantaginaceae
0.317,0.873,0.127,0.35600000000000004,5.079,0.136,0.369,5.437,0.136,0.369,5.449,0.133,0.065,2.838,0.017,0.741,0.139,5.571000000000001,Plantaginaceae
0.33,0.8759999999999999,0.377,0.614,8.66,0.414,0.644,9.514,0.41700000000000004,0.6459999999999999,9.565,0.40299999999999997,0.22699999999999998,5.3870000000000005,0.052000000000000005,1.338,0.42200000000000004,9.68,Plantaginaceae
0.32,0.882,0.259,0.509,7.136,0.293,0.541,8.068999999999999,0.302,0.5489999999999999,8.318999999999999,0.285,0.18100000000000002,4.976,0.047,1.339,0.302,8.318999999999999,Plantaginaceae
0.36200000000000004,0.88,0.45299999999999996,0.6729999999999999,9.611,0.486,0.6970000000000001,10.277000000000001,0.496,0.705,10.502,0.478,0.295,6.571000000000001,0.055,1.35,0.499,10.555,Plantaginaceae
0.317,0.865,0.121,0.348,4.916,0.131,0.36200000000000004,5.321000000000001,0.134,0.366,5.43,0.129,0.095,3.977,0.016,0.7070000000000001,0.134,5.45,Plantaginaceae
0.275,0.851,0.7559999999999999,0.8690000000000001,13.26,0.765,0.8740000000000001,13.354000000000001,0.769,0.877,13.422,0.763,0.423,8.751,0.054000000000000006,1.21,0.787,13.735999999999999,Plantaginaceae
0.33,0.878,0.33799999999999997,0.581,8.19,0.37,0.608,8.963,0.38,0.616,9.207,0.363,0.239,5.7989999999999995,0.047,1.2819999999999998,0.38,9.207,Plantaginaceae
0.33399999999999996,0.894,1.412,1.188,18.596,1.367,1.169,17.935,1.2790000000000001,1.131,16.774,1.3530000000000002,0.22,4.064,0.204,2.761,1.446,18.96,Plantaginaceae
0.319,0.8809999999999999,1.867,1.3659999999999999,21.462,1.7990000000000002,1.341,20.624000000000002,1.7,1.304,19.479,1.7890000000000001,0.228,3.648,0.223,2.6860000000000004,1.893,21.695,Plantaginaceae
0.307,0.863,3.9989999999999997,2.0,31.535,3.78,1.944,29.820999999999998,3.509,1.8730000000000002,27.679000000000002,3.762,0.371,3.1069999999999998,0.49200000000000005,3.948,3.9989999999999997,31.535,Plantaginaceae
0.317,0.8590000000000001,2.101,1.45,22.851999999999997,1.964,1.401,21.346,1.841,1.357,20.000999999999998,1.969,0.21,3.29,0.287,3.17,2.114,22.965,Plantaginaceae
0.355,0.8909999999999999,1.063,1.031,15.4,1.0859999999999999,1.042,15.640999999999998,1.083,1.041,15.599,1.077,0.365,6.886,0.105,1.8159999999999998,1.122,16.164,Plantaginaceae
0.37200000000000005,0.8909999999999999,1.49,1.2209999999999999,18.183,1.561,1.249,18.972,1.548,1.244,18.815,1.5330000000000001,0.522,7.361000000000001,0.121,2.008,1.577,19.158,Plantaginaceae
0.353,0.884,1.608,1.268,18.155,1.7109999999999999,1.308,19.236,1.74,1.319,19.569000000000003,1.686,1.045,12.687999999999999,0.214,2.71,1.77,19.905,Plantaginaceae
0.40399999999999997,0.898,0.303,0.55,7.57,0.35100000000000003,0.593,8.777999999999999,0.36,0.6,8.986,0.33799999999999997,0.213,5.307,0.063,1.7409999999999999,0.36,8.986,Plantaginaceae
0.40700000000000003,0.895,0.306,0.5529999999999999,7.818,0.33399999999999996,0.578,8.513,0.335,0.579,8.56,0.325,0.19,4.9430000000000005,0.036000000000000004,1.121,0.337,8.597000000000001,Plantaginaceae
0.433,0.909,0.268,0.517,7.394,0.289,0.537,7.957999999999999,0.29600000000000004,0.544,8.149,0.284,0.16,4.691,0.040999999999999995,1.2009999999999998,0.3,8.273,Plantaginaceae
0.359,0.894,0.493,0.7020000000000001,9.762,0.5589999999999999,0.748,11.050999999999998,0.5760000000000001,0.759,11.370999999999999,0.5429999999999999,0.34700000000000003,6.857,0.09300000000000001,2.055,0.5760000000000001,11.375,Plantaginaceae
0.389,0.9,0.426,0.653,9.464,0.461,0.679,10.189,0.46399999999999997,0.6809999999999999,10.237,0.451,0.20199999999999999,5.013999999999999,0.064,1.5930000000000002,0.474,10.472999999999999,Plantaginaceae
0.434,0.9059999999999999,0.847,0.92,13.795,0.857,0.9259999999999999,13.892000000000001,0.8540000000000001,0.924,13.835999999999999,0.853,0.35100000000000003,6.808,0.11900000000000001,1.999,0.907,14.699000000000002,Plantaginaceae
0.4,0.9059999999999999,0.491,0.701,9.687000000000001,0.56,0.748,11.017999999999999,0.568,0.754,11.179,0.54,0.326,6.526,0.092,2.009,0.5720000000000001,11.24,Plantaginaceae
0.41,0.905,0.642,0.8009999999999999,11.513,0.7020000000000001,0.838,12.559000000000001,0.7090000000000001,0.8420000000000001,12.695,0.684,0.431,7.9239999999999995,0.081,1.7480000000000002,0.713,12.767999999999999,Plantaginaceae
0.409,0.904,0.615,0.784,11.2,0.677,0.823,12.261,0.684,0.8270000000000001,12.386,0.659,0.342,6.898,0.099,1.983,0.695,12.588,Plantaginaceae
0.379,0.887,3.071,1.7519999999999998,27.531999999999996,2.8760000000000003,1.696,25.76,2.725,1.651,24.397,2.89,0.504,7.816,0.408,3.721,3.0989999999999998,27.752,Plantaginaceae
0.413,0.898,0.235,0.485,6.659,0.268,0.517,7.582000000000001,0.27699999999999997,0.526,7.851,0.26,0.16899999999999998,4.7989999999999995,0.048,1.402,0.27699999999999997,7.851,Plantaginaceae
0.415,0.897,0.133,0.365,5.015,0.156,0.395,5.8870000000000005,0.162,0.402,6.109,0.15,0.09699999999999999,3.661,0.032,1.213,0.162,6.1160000000000005,Plantaginaceae
0.409,0.9059999999999999,4.3069999999999995,2.075,30.391,4.475,2.115,31.378,4.503,2.122,31.561999999999998,4.428,1.7369999999999999,15.470999999999998,0.48,4.071000000000001,4.624,32.426,Plantaginaceae
0.59,0.917,0.126,0.355,5.24,0.135,0.36700000000000005,5.502000000000001,0.13699999999999998,0.371,5.607,0.133,0.043,2.362,0.026000000000000002,1.202,0.14400000000000002,5.8629999999999995,Plantaginaceae
0.406,0.9,0.146,0.382,5.26,0.16699999999999998,0.408,5.987,0.16899999999999998,0.41100000000000003,6.072,0.161,0.102,3.648,0.027000000000000003,1.012,0.16899999999999998,6.072,Plantaginaceae
0.405,0.903,1.499,1.225,17.523,1.6030000000000002,1.266,18.688,1.636,1.2790000000000001,19.070999999999998,1.58,0.9259999999999999,11.415999999999999,0.2,2.6,1.659,19.331,Plantaginaceae
0.41100000000000003,0.893,5.483,2.342,34.972,5.42,2.3280000000000003,34.455999999999996,5.421,2.3280000000000003,34.453,5.441,2.545,21.499000000000002,0.499,3.5460000000000003,5.682,36.123000000000005,Plantaginaceae
0.419,0.9109999999999999,1.893,1.376,19.565,2.039,1.4280000000000002,20.987,2.079,1.442,21.398000000000003,2.004,1.077,12.116,0.264,3.113,2.105,21.666999999999998,Plantaginaceae
0.375,0.905,0.35700000000000004,0.598,8.353,0.39299999999999996,0.627,9.151,0.409,0.639,9.515,0.386,0.24600000000000002,5.92,0.067,1.714,0.413,9.605,Plantaginaceae
0.376,0.903,5.026,2.242,33.272,5.065,2.251,33.437,5.079,2.254,33.508,5.0569999999999995,2.455,19.924,0.358,2.928,5.212999999999999,34.405,Plantaginaceae
0.384,0.914,2.509,1.584,23.351999999999997,2.5469999999999997,1.5959999999999999,23.593000000000004,2.5580000000000003,1.599,23.68,2.5380000000000003,1.327,14.259,0.252,2.738,2.65,24.563000000000002,Plantaginaceae
0.304,0.866,4.605,2.146,31.873,4.643,2.155,32.006,4.678999999999999,2.1630000000000003,32.242,4.6419999999999995,2.15,19.323,0.39399999999999996,3.25,4.816,33.195,Plantaginaceae
0.402,0.9520000000000001,0.08,0.28300000000000003,4.23,0.087,0.295,4.523,0.087,0.295,4.5169999999999995,0.085,0.037000000000000005,2.21,0.012,0.7829999999999999,0.09,4.658,Solanaceae
0.405,0.953,0.253,0.503,6.907,0.303,0.551,8.235,0.317,0.563,8.607999999999999,0.29100000000000004,0.183,4.987,0.069,1.98,0.318,8.622,Solanaceae
0.414,0.9359999999999999,0.18600000000000003,0.431,5.867999999999999,0.225,0.474,7.077000000000001,0.233,0.483,7.343,0.215,0.13699999999999998,4.298,0.052000000000000005,1.733,0.233,7.346,Solanaceae
0.405,0.9520000000000001,0.36,0.6,9.148,0.371,0.609,9.325,0.368,0.607,9.236,0.36700000000000005,0.10300000000000001,3.555,0.05,1.5019999999999998,0.38799999999999996,9.732999999999999,Solanaceae
0.405,0.953,0.431,0.6559999999999999,9.089,0.509,0.7140000000000001,10.687000000000001,0.529,0.727,11.097000000000001,0.49,0.307,6.519,0.10800000000000001,2.459,0.53,11.112,Solanaceae
0.491,0.971,0.005,0.07,0.95,0.006,0.077,1.147,0.006,0.079,1.2,0.006,0.004,0.703,0.001,0.285,0.006,1.2,Solanaceae
0.516,0.971,0.006999999999999999,0.085,1.145,0.009000000000000001,0.095,1.4380000000000002,0.009000000000000001,0.096,1.443,0.009000000000000001,0.005,0.8059999999999999,0.002,0.35,0.009000000000000001,1.4569999999999999,Solanaceae
0.41200000000000003,0.9590000000000001,0.021,0.14400000000000002,1.815,0.027999999999999997,0.166,2.421,0.03,0.17300000000000001,2.6189999999999998,0.026000000000000002,0.018000000000000002,1.5659999999999998,0.01,0.8909999999999999,0.03,2.6189999999999998,Solanaceae
0.51,0.971,0.08800000000000001,0.29600000000000004,3.8480000000000003,0.114,0.33799999999999997,4.9719999999999995,0.121,0.348,5.268,0.10800000000000001,0.071,3.109,0.036000000000000004,1.631,0.121,5.268,Solanaceae
0.544,0.97,0.188,0.434,6.028,0.222,0.47100000000000003,7.064,0.22899999999999998,0.478,7.2860000000000005,0.213,0.135,4.322,0.045,1.581,0.22899999999999998,7.297999999999999,Solanaceae
0.5770000000000001,0.973,0.017,0.13,1.774,0.02,0.142,2.101,0.021,0.146,2.214,0.019,0.012,1.2690000000000001,0.005,0.5429999999999999,0.021,2.225,Solanaceae
0.575,0.973,0.052000000000000005,0.22899999999999998,3.39,0.057999999999999996,0.24100000000000002,3.7289999999999996,0.055999999999999994,0.237,3.5989999999999998,0.055999999999999994,0.022000000000000002,1.5290000000000001,0.01,0.715,0.059000000000000004,3.7960000000000003,Solanaceae
0.574,0.9740000000000001,0.157,0.397,5.471,0.18899999999999997,0.434,6.5120000000000005,0.19399999999999998,0.44,6.697,0.18,0.109,3.799,0.040999999999999995,1.5330000000000001,0.195,6.724,Solanaceae
0.578,0.9740000000000001,0.36700000000000005,0.606,8.425,0.431,0.657,9.844,0.44799999999999995,0.67,10.24,0.41600000000000004,0.265,6.136,0.08900000000000001,2.213,0.449,10.252,Solanaceae
0.583,0.975,1.1,1.0490000000000002,15.677,1.173,1.083,16.559,1.179,1.0859999999999999,16.627,1.151,0.49700000000000005,8.213,0.146,2.6010000000000004,1.208,17.049,Solanaceae
0.57,0.9740000000000001,0.555,0.745,10.2,0.667,0.8170000000000001,12.209000000000001,0.6970000000000001,0.835,12.748,0.64,0.405,7.425,0.154,2.9960000000000004,0.698,12.759,Solanaceae
0.519,0.973,0.435,0.659,9.127,0.514,0.7170000000000001,10.720999999999998,0.535,0.731,11.15,0.494,0.322,6.767,0.11,2.5540000000000003,0.536,11.167,Solanaceae
0.532,0.9740000000000001,0.172,0.415,5.903,0.19699999999999998,0.444,6.694,0.201,0.449,6.822,0.19,0.09699999999999999,3.5810000000000004,0.040999999999999995,1.486,0.205,6.9670000000000005,Solanaceae
0.5720000000000001,0.975,0.085,0.29100000000000004,3.927,0.10300000000000001,0.321,4.777,0.107,0.32799999999999996,4.978,0.098,0.063,2.917,0.025,1.212,0.107,4.98,Solanaceae
0.528,0.9740000000000001,0.256,0.506,6.966,0.304,0.551,8.228,0.316,0.562,8.564,0.292,0.184,5.045,0.067,1.972,0.317,8.581,Solanaceae
0.465,0.97,0.24,0.49,6.746,0.287,0.536,8.024,0.298,0.545,8.316,0.275,0.168,4.768,0.064,1.911,0.298,8.338,Solanaceae
0.45399999999999996,0.9690000000000001,0.37,0.609,8.35,0.44299999999999995,0.665,9.936,0.461,0.679,10.355,0.425,0.27,6.082000000000001,0.1,2.379,0.462,10.365,Solanaceae
0.488,0.971,0.027999999999999997,0.168,2.266,0.035,0.187,2.7960000000000003,0.036000000000000004,0.19,2.887,0.033,0.02,1.6119999999999999,0.01,0.7979999999999999,0.037000000000000005,2.924,Solanaceae
