Area,Mean,Mode,Min,Max,Median,Perimeter,*Feret,*Breadth,*AspRatio,*RFactor,*ConvexArea,*ConvexPerimeter,*ArEquivD,*PerEquivD,*MinR,*MaxR,*avgR,*VarianceR,*EquivEllAr,*ModRatio,*HaralickRatio,*ThinnessR,*Roundness,*Compactness,*Solidity,*Convexity,*Concavity,*ArBBox,*Rectang,*Sphericity,GLCM-Energy,GLCM-Homogeneity,Mean Red,Sqrt Mean Red,StD Red,Mean Green,Sqrt Mean Green,StD Green,Mean Blue,Sqrt Mean Blue,StD Blue,Mean RGB,Mean H,StD H,Mean S,StD S,Mean V,StD V,Label
171528,3525,0,0,255,0,1914.685,489.722,458.0,1.069,113.69,174913.5,1488.0439999999999,467.329,609.4630000000001,229.0,244.861,233.9,35.732,176159.18899999998,0.935,39.129,21.373,0.9109999999999999,0.9540000000000001,0.981,0.777,3385.5,224292.84600000002,0.765,0.935,0.439,0.9620000000000001,5.2829999999999995,2.299,35.565,5.265,2.294,35.411,5.24,2.289,35.239000000000004,5.263,1.6219999999999999,15.519,0.159,1.705,5.3389999999999995,35.908,Amaranthacea
161998,1391,0,0,254,0,1802.3339999999998,495.49199999999996,432.551,1.146,105.98,164971.5,1450.3410000000001,454.161,573.701,216.275,247.74599999999998,227.78799999999998,133.83700000000002,168330.711,0.873,19.69,20.052,0.84,0.917,0.982,0.805,2973.5,214325.318,0.7559999999999999,0.873,0.436,0.963,2.234,1.495,23.345,2.205,1.485,22.998,2.158,1.469,22.506,2.199,0.271,4.437,0.124,1.7069999999999999,2.2569999999999997,23.54,Amaranthacea
159707,428,0,0,253,0,2219.922,482.31199999999995,437.287,1.103,109.06,165251.0,1453.8039999999999,450.93800000000005,706.623,218.644,241.15599999999998,226.463,49.062,165647.49800000002,0.907,32.330999999999996,30.857,0.8740000000000001,0.935,0.966,0.655,5544.0,210908.945,0.757,0.907,0.428,0.963,0.616,0.785,11.129000000000001,0.708,0.841,12.652000000000001,0.736,0.858,13.139000000000001,0.687,0.379,7.135,0.146,2.891,0.745,13.296,Amaranthacea
155196,117,0,0,252,0,1610.9129999999998,485.224,416.713,1.1640000000000001,103.736,158132.5,1421.703,444.524,512.77,208.356,242.612,222.31799999999998,184.773,158806.598,0.8590000000000001,16.355,16.721,0.8390000000000001,0.9159999999999999,0.981,0.883,2936.5,202198.84,0.768,0.8590000000000001,0.447,0.966,0.19899999999999998,0.446,7.053,0.195,0.441,6.8839999999999995,0.19,0.436,6.718999999999999,0.19399999999999998,0.02,1.032,0.013999999999999999,0.607,0.201,7.12,Amaranthacea
161602,504,0,0,255,0,2271.319,501.17199999999997,433.059,1.157,115.72399999999999,182204.5,1462.5410000000002,453.606,722.9830000000001,216.52900000000002,250.58599999999998,227.863,161.14700000000002,170460.367,0.8640000000000001,17.95,31.923000000000002,0.8190000000000001,0.905,0.887,0.644,20602.5,217036.88,0.745,0.8640000000000001,0.7829999999999999,0.9640000000000001,0.7440000000000001,0.863,12.65,0.82,0.9059999999999999,13.785,0.835,0.914,14.015,0.8,0.361,6.771,0.126,2.6060000000000003,0.8490000000000001,14.255,Amaranthacea
157813,66,0,0,225,0,1742.854,499.63199999999995,431.69199999999995,1.157,108.03200000000001,169571.5,1444.486,448.256,554.768,215.84599999999998,249.81599999999997,224.763,171.832,169400.099,0.8640000000000001,17.146,19.248,0.805,0.897,0.9309999999999999,0.8290000000000001,11758.5,215686.905,0.732,0.8640000000000001,0.7709999999999999,0.965,0.08900000000000001,0.298,3.905,0.113,0.336,4.9510000000000005,0.121,0.34700000000000003,5.29,0.107,0.07200000000000001,3.1660000000000004,0.035,1.569,0.121,5.29,Amaranthacea
156997,413,0,0,255,0,1732.026,542.623,385.338,1.4080000000000001,93.99600000000001,160234.5,1455.2079999999999,447.096,551.321,192.669,271.312,223.81799999999998,839.982,164221.601,0.71,7.723,19.108,0.679,0.8240000000000001,0.98,0.84,3237.5,209093.437,0.7509999999999999,0.71,0.795,0.9640000000000001,0.6759999999999999,0.8220000000000001,12.790999999999999,0.6709999999999999,0.8190000000000001,12.677999999999999,0.677,0.823,12.779000000000002,0.675,0.349,8.161,0.042,1.065,0.695,13.110999999999999,Amaranthacea
153423,61,0,0,238,0,1874.31,486.55699999999996,403.68199999999996,1.205,103.73,158558.5,1426.8570000000002,441.978,596.611,201.84099999999998,243.27900000000002,221.57,160.505,154263.62,0.83,17.489,22.898000000000003,0.825,0.9079999999999999,0.968,0.7609999999999999,5135.5,196414.54100000003,0.7809999999999999,0.83,0.7879999999999999,0.963,0.085,0.29100000000000004,3.821,0.10800000000000001,0.32899999999999996,4.87,0.115,0.33899999999999997,5.175,0.10300000000000001,0.068,3.0469999999999997,0.033,1.537,0.115,5.175,Amaranthacea
130564,353,0,0,255,0,1910.116,459.42699999999996,368.0,1.248,93.26299999999999,134609.5,1318.046,407.724,608.009,184.0,229.713,206.38,218.83700000000002,132786.536,0.8009999999999999,13.950999999999999,27.944000000000003,0.7879999999999999,0.887,0.97,0.69,4045.5,169069.069,0.772,0.8009999999999999,0.8490000000000001,0.965,0.617,0.7859999999999999,11.095,0.716,0.846,12.731,0.745,0.863,13.225999999999999,0.693,0.409,7.665,0.152,3.029,0.7509999999999999,13.345,Amaranthacea
109875,30,0,0,209,0,1549.0479999999998,498.964,310.506,1.607,76.794,120377.5,1266.587,374.028,493.077,155.253,249.482,190.65099999999998,1234.0,121682.69699999999,0.622,5.4270000000000005,21.839000000000002,0.562,0.75,0.9129999999999999,0.818,10502.5,154931.22199999998,0.7090000000000001,0.622,0.816,0.968,0.055999999999999994,0.237,3.033,0.075,0.273,4.021,0.08,0.282,4.29,0.07,0.047,2.5380000000000003,0.026000000000000002,1.399,0.08,4.29,Amaranthacea
38312,12779,0,85,246,0,1904.8239999999998,654.0830000000001,84.971,7.6979999999999995,21.355,43881.5,1366.5120000000002,220.863,606.3240000000001,42.485,327.04200000000003,170.891,8856.739,43650.829000000005,0.13,1.8159999999999998,94.705,0.114,0.33799999999999997,0.873,0.7170000000000001,5569.5,55577.960999999996,0.6890000000000001,0.13,0.787,0.981,254.822,15.963,3.2969999999999997,0.6759999999999999,0.8220000000000001,12.162,0.687,0.8290000000000001,12.367,85.395,0.397,7.237,254.308,12.470999999999998,254.90400000000002,1.785,Apiaceae
79301,26331,0,85,216,0,1316.036,448.59,248.84799999999998,1.8030000000000002,59.528,83892.5,1116.258,317.756,418.907,124.42399999999999,224.295,166.037,1303.1660000000002,87674.67300000001,0.555,4.599,21.84,0.502,0.708,0.945,0.848,4591.5,111630.86099999999,0.71,0.555,0.8220000000000001,0.981,254.997,15.969000000000001,0.43200000000000005,0.008,0.091,1.344,0.008,0.092,1.3719999999999999,85.005,0.005,0.8140000000000001,254.99200000000002,1.307,254.99900000000002,0.201,Apiaceae
75882,25200,0,85,228,0,1268.479,449.16,237.361,1.892,56.802,80152.0,1099.5739999999998,310.83099999999996,403.77,118.68,224.58,165.98,1270.504,83733.656,0.528,4.657,21.205,0.479,0.6920000000000001,0.9470000000000001,0.867,4270.0,106613.002,0.7120000000000001,0.528,0.816,0.98,254.99400000000003,15.969000000000001,0.583,0.028999999999999998,0.171,2.543,0.028999999999999998,0.16899999999999998,2.489,85.01700000000001,0.012,1.137,254.96900000000002,2.661,254.99599999999998,0.354,Apiaceae
75085,24957,0,85,228,0,1581.641,468.11300000000006,233.144,2.008,57.966,85246.0,1161.974,309.194,503.452,116.572,234.05700000000002,164.743,1703.3370000000002,85716.686,0.498,3.992,33.317,0.436,0.6609999999999999,0.8809999999999999,0.735,10161.0,109137.87400000001,0.688,0.498,0.8079999999999999,0.9790000000000001,254.937,15.967,2.309,0.166,0.40700000000000003,5.975,0.17300000000000001,0.41600000000000004,6.224,85.09200000000001,0.10300000000000001,3.7089999999999996,254.847,5.532,254.976,0.892,Apiaceae
28663,9634,0,85,248,0,2047.618,643.1990000000001,69.171,9.299,17.73,35826.0,1324.713,191.03599999999997,651.7769999999999,34.586,321.6,175.41400000000002,8254.541,34942.981,0.10800000000000001,1.931,146.27700000000002,0.08800000000000001,0.297,0.8,0.647,7163.0,44490.785,0.644,0.10800000000000001,0.782,0.982,254.537,15.954,5.38,1.788,1.337,19.82,1.825,1.351,20.222,86.05,1.048,11.991,253.201,19.976,254.769,2.717,Apiaceae
40737,13617,0,85,247,0,1781.888,571.4630000000001,103.64399999999999,5.513999999999999,25.851999999999997,46412.0,1212.84,227.745,567.192,51.821999999999996,285.732,155.236,5998.2119999999995,46517.944,0.18100000000000002,2.004,77.942,0.159,0.39899999999999997,0.878,0.6809999999999999,5675.0,59228.486,0.688,0.18100000000000002,0.7829999999999999,0.982,254.743,15.960999999999999,3.9930000000000003,0.98,0.99,14.727,1.0,1.0,15.020999999999999,85.574,0.5760000000000001,8.771,254.02200000000002,14.717,254.877,1.962,Apiaceae
39459,13158,0,85,242,0,1691.964,565.227,100.155,5.644,24.736,43923.5,1197.746,224.145,538.569,50.078,282.613,153.05200000000002,5454.0869999999995,44461.672,0.177,2.072,72.55,0.157,0.397,0.898,0.708,4464.5,56610.359000000004,0.6970000000000001,0.177,0.782,0.982,254.827,15.963,3.312,0.631,0.794,11.776,0.643,0.802,12.012,85.367,0.379,7.1160000000000005,254.368,11.818,254.91400000000002,1.671,Apiaceae
39348,13173,0,85,243,0,1645.797,521.464,108.566,4.803,27.569000000000003,45163.5,1105.1019999999999,223.829,523.874,54.283,260.732,139.469,4881.667,44463.939000000006,0.20800000000000002,1.996,68.83800000000001,0.184,0.429,0.871,0.6709999999999999,5815.5,56613.245,0.695,0.20800000000000002,0.777,0.983,254.671,15.958,4.545,1.212,1.101,16.326,1.238,1.113,16.686,85.70700000000001,0.728,9.836,253.78900000000002,16.340999999999998,254.84099999999998,2.262,Apiaceae
72285,24092,0,85,242,0,1746.626,453.436,229.99,1.972,56.498000000000005,80482.5,1113.6660000000002,303.375,555.9680000000001,114.995,226.718,165.437,1618.318,81905.955,0.507,4.112,42.20399999999999,0.44799999999999995,0.669,0.898,0.638,8197.5,104285.901,0.693,0.507,0.7390000000000001,0.98,254.84599999999998,15.964,3.267,0.562,0.75,11.165,0.563,0.75,11.186,85.324,0.297,6.093999999999999,254.45,10.962,254.926,1.5390000000000001,Apiaceae
69705,23270,0,85,245,0,1867.787,454.736,223.0,2.039,53.78,76830.0,1105.9389999999999,297.911,594.535,111.5,227.368,159.411,1541.996,79644.219,0.49,4.06,50.048,0.429,0.655,0.907,0.5920000000000001,7125.0,101406.17,0.687,0.49,0.733,0.98,254.829,15.963,3.1710000000000003,0.7829999999999999,0.885,13.312000000000001,0.7759999999999999,0.8809999999999999,13.181,85.463,0.379,6.8260000000000005,254.22099999999998,13.257,254.912,1.6119999999999999,Apiaceae
37273,12438,0,85,245,0,1409.415,448.69800000000004,124.26799999999999,3.611,33.583,47339.5,1009.8580000000001,217.847,448.631,62.13399999999999,224.34900000000002,140.09799999999998,3141.927,43792.772000000004,0.27699999999999997,2.499,53.295,0.23600000000000002,0.486,0.787,0.7170000000000001,10066.5,55758.689000000006,0.6679999999999999,0.27699999999999997,0.7829999999999999,0.981,254.798,15.962,3.928,0.742,0.861,12.76,0.7440000000000001,0.862,12.774000000000001,85.428,0.37799999999999995,6.944,254.282,12.355,254.905,1.821,Apiaceae
102768,34293,0,85,251,0,1403.859,449.579,297.0,1.514,75.028,105968.5,1193.69,361.73,446.86199999999997,148.5,224.78900000000002,188.145,619.828,104870.189,0.6609999999999999,7.557,19.177,0.647,0.805,0.97,0.85,3200.5,133524.87099999998,0.77,0.6609999999999999,0.715,0.9790000000000001,254.984,15.968,0.758,0.672,0.82,12.714,0.621,0.7879999999999999,11.731,85.426,0.09300000000000001,2.164,254.37099999999998,11.890999999999998,254.988,0.478,Apiaceae
98376,32681,0,85,240,0,1404.285,448.361,288.95099999999996,1.5519999999999998,74.471,104897.5,1182.191,353.916,446.99800000000005,144.476,224.18099999999998,182.39,825.062,101751.991,0.644,6.35,20.046,0.623,0.789,0.938,0.8420000000000001,6521.5,129554.65800000001,0.759,0.644,0.716,0.9790000000000001,254.982,15.968,1.11,0.077,0.27699999999999997,4.128,0.075,0.275,4.062,85.045,0.038,2.307,254.925,4.055,254.99099999999999,0.573,Apiaceae
113456,37750,0,85,227,0,1978.535,584.477,294.277,1.986,89.06700000000001,163544.0,1442.1970000000001,380.075,629.7869999999999,147.138,292.238,194.862,3893.864,135086.94199999998,0.503,3.123,34.503,0.423,0.65,0.6940000000000001,0.7290000000000001,50088.0,171998.03600000002,0.66,0.503,0.643,0.972,254.88,15.965,3.1239999999999997,0.32299999999999995,0.568,8.283,0.336,0.58,8.627,85.18,0.205,5.266,254.692,7.919,254.95,1.3219999999999998,Apiaceae
78538,26113,0,85,232,0,1980.7779999999998,442.254,264.309,1.673,63.435,88136.0,1128.805,316.224,630.501,132.155,221.127,163.488,778.665,91806.77699999999,0.598,5.859,49.956,0.511,0.715,0.8909999999999999,0.57,9598.0,116892.019,0.672,0.598,0.7240000000000001,0.98,254.93,15.967,2.3680000000000003,0.21100000000000002,0.45899999999999996,6.694,0.215,0.46399999999999997,6.819,85.119,0.11800000000000001,3.935,254.787,6.8,254.963,1.179,Apiaceae
139131,46452,0,85,251,0,1772.275,536.538,345.63599999999997,1.5519999999999998,92.039,155139.5,1402.385,420.88800000000003,564.133,172.81799999999998,268.269,212.94400000000002,1172.323,145649.448,0.644,6.218999999999999,22.576,0.615,0.784,0.897,0.7909999999999999,16008.5,185446.63600000003,0.75,0.644,0.605,0.9690000000000001,254.959,15.967,1.3880000000000001,0.746,0.8640000000000001,13.182,0.711,0.843,12.558,85.47200000000001,0.106,2.7760000000000002,254.27200000000002,12.87,254.97,0.843,Apiaceae
104268,34620,0,85,207,0,1286.153,453.584,296.0,1.5319999999999998,74.564,106251.5,1195.719,364.36,409.395,148.0,226.792,191.024,533.599,105448.12199999999,0.653,8.27,15.865,0.645,0.8029999999999999,0.981,0.93,1983.5,134260.719,0.777,0.653,0.608,0.9690000000000001,254.99900000000002,15.969000000000001,0.201,0.002,0.045,0.6629999999999999,0.002,0.046,0.669,85.001,0.001,0.40299999999999997,254.998,0.6970000000000001,255.0,0.121,Apiaceae
104203,34603,0,85,229,0,1343.09,449.722,300.0,1.499,77.441,109411.5,1194.411,364.246,427.519,150.0,224.861,186.267,542.703,105963.28199999999,0.667,7.996,17.311,0.6559999999999999,0.81,0.9520000000000001,0.889,5208.5,134916.641,0.772,0.667,0.604,0.9690000000000001,254.995,15.969000000000001,0.54,0.021,0.146,2.167,0.021,0.146,2.176,85.012,0.013000000000000001,1.415,254.97799999999998,2.2159999999999997,254.997,0.295,Apiaceae
99832,33170,0,85,248,0,1390.545,449.445,289.0,1.555,77.777,109819.5,1178.187,356.525,442.624,144.5,224.72299999999998,186.141,458.81800000000004,102015.106,0.643,8.69,19.369,0.629,0.7929999999999999,0.909,0.847,9987.5,129889.66699999999,0.769,0.643,0.61,0.9690000000000001,254.99,15.968,0.7709999999999999,0.098,0.312,4.765,0.092,0.304,4.494,85.06,0.024,1.514,254.90599999999998,4.573,254.99400000000003,0.423,Apiaceae
99872,33211,0,85,245,0,1397.918,448.32199999999995,290.66200000000003,1.5419999999999998,79.578,112082.0,1176.155,356.596,444.971,145.33100000000002,224.16099999999997,184.90099999999998,468.298,102345.315,0.648,8.544,19.567,0.633,0.795,0.8909999999999999,0.841,12210.0,130310.103,0.7659999999999999,0.648,0.61,0.9690000000000001,254.977,15.968,1.121,0.213,0.462,6.985,0.204,0.452,6.686,85.131,0.049,2.258,254.79,6.888999999999999,254.985,0.645,Apiaceae
136566,45357,0,85,231,0,1573.8829999999998,520.3430000000001,347.027,1.499,120.679,197274.5,1366.421,416.991,500.983,173.513,260.172,208.03,894.66,141821.654,0.667,6.955,18.139,0.642,0.8009999999999999,0.6920000000000001,0.868,60708.5,180572.938,0.7559999999999999,0.667,0.541,0.97,254.99,15.968,0.746,0.042,0.204,3.02,0.042,0.204,3.032,85.025,0.026000000000000002,1.955,254.956,3.187,254.99400000000003,0.46299999999999997,Apiaceae
133530,44340,0,85,220,0,1586.771,539.1709999999999,339.295,1.589,114.82700000000001,194500.0,1381.254,412.33,505.085,169.648,269.585,205.861,1242.547,143679.12300000002,0.629,5.84,18.855999999999998,0.585,0.765,0.687,0.87,60970.0,182937.94100000002,0.73,0.629,0.537,0.97,254.995,15.969000000000001,0.5660000000000001,0.016,0.128,1.9,0.016,0.127,1.8769999999999998,85.009,0.009000000000000001,1.02,254.983,1.916,254.997,0.301,Apiaceae
125791,42067,0,85,249,0,1790.476,484.97900000000004,353.048,1.374,98.777,150497.0,1322.672,400.20300000000003,569.9259999999999,176.524,242.49,199.618,511.648,134476.55599999998,0.728,8.825,25.485,0.6809999999999999,0.825,0.836,0.7390000000000001,24706.0,171220.86899999998,0.735,0.728,0.5489999999999999,0.97,254.905,15.966,2.146,0.987,0.993,15.04,0.945,0.972,14.395,85.61200000000001,0.243,5.06,254.02,14.947000000000001,254.93400000000003,1.367,Apiaceae
145197,48331,0,85,254,0,2029.655,550.654,387.69699999999995,1.42,87.42200000000001,151234.5,1429.649,429.966,646.059,193.84900000000002,275.327,219.255,708.122,167672.44199999998,0.7040000000000001,8.238999999999999,28.372,0.61,0.7809999999999999,0.96,0.7040000000000001,6037.5,213487.18399999998,0.68,0.7040000000000001,0.532,0.9690000000000001,254.953,15.967,1.57,0.35200000000000004,0.594,9.062999999999999,0.33799999999999997,0.581,8.681000000000001,85.214,0.11599999999999999,3.432,254.649,9.027999999999999,254.97099999999998,0.915,Apiaceae
23671,8026,0,85,250,0,1994.3210000000001,553.413,72.545,7.629,24.073,41853.5,1144.6989999999998,173.605,634.812,36.272,276.707,148.868,6646.611999999999,31531.596,0.131,1.8259999999999998,168.025,0.098,0.314,0.5660000000000001,0.574,18182.5,40147.275,0.59,0.131,0.53,0.977,254.195,15.943,7.041,3.0839999999999996,1.756,25.927,3.139,1.7719999999999998,26.379,86.806,1.828,15.610999999999999,251.87599999999998,26.301,254.58599999999998,3.6489999999999996,Apiaceae
100789,33465,0,85,85,0,1305.45,450.09,301.959,1.4909999999999999,82.236,116281.5,1181.312,358.23,415.538,150.98,225.045,184.74599999999998,571.0169999999999,106742.602,0.6709999999999999,7.731,16.909000000000002,0.633,0.7959999999999999,0.867,0.905,15492.5,135908.902,0.742,0.6709999999999999,0.531,0.9690000000000001,255.0,15.969000000000001,0.0,0.0,0.0,0.0,0.0,0.0,0.0,85.0,0.0,0.0,255.0,0.0,255.0,0.0,Apiaceae
133522,44410,0,85,250,0,1943.981,523.077,358.336,1.46,86.696,142467.5,1359.691,412.31699999999995,618.788,179.168,261.539,210.1,730.805,147213.18300000002,0.685,7.772,28.303,0.621,0.7879999999999999,0.937,0.6990000000000001,8945.5,187437.646,0.7120000000000001,0.685,0.45899999999999996,0.9590000000000001,254.94400000000002,15.967,1.847,0.248,0.498,7.407,0.25,0.5,7.465,85.147,0.13,4.183,254.74599999999998,7.604,254.96900000000002,1.008,Apiaceae
115929,38949,0,85,245,0,2519.562,588.518,348.324,1.69,81.513,150708.0,1444.898,384.194,802.0010000000001,174.162,294.259,200.862,1449.443,161002.89,0.5920000000000001,5.276,54.75899999999999,0.426,0.653,0.769,0.573,34779.0,204995.247,0.5660000000000001,0.5920000000000001,0.45299999999999996,0.961,254.672,15.958,4.9319999999999995,1.689,1.3,19.355,1.67,1.2919999999999998,19.12,86.01,0.537,7.982,253.33700000000002,19.184,254.829,2.148,Apiaceae
120805,40172,0,85,242,0,1783.388,527.266,303.57099999999997,1.7369999999999999,141.637,234615.0,1338.243,392.191,567.67,151.786,263.633,200.696,1605.318,125712.972,0.5760000000000001,5.0089999999999995,26.326999999999998,0.5529999999999999,0.7440000000000001,0.515,0.75,113810.0,160062.72699999998,0.755,0.5760000000000001,0.449,0.96,254.949,15.967,1.815,0.222,0.47100000000000003,7.007999999999999,0.22,0.469,6.945,85.13,0.10800000000000001,3.694,254.77599999999998,7.091,254.97099999999998,1.004,Apiaceae
101205,33631,0,85,233,0,1983.513,522.961,288.119,1.815,67.033,110130.0,1277.116,358.968,631.372,144.059,261.48,186.446,1580.391,118339.748,0.551,4.69,38.875,0.47100000000000003,0.6859999999999999,0.919,0.644,8925.0,150674.84699999998,0.672,0.551,0.45,0.961,254.96099999999998,15.967,1.682,0.126,0.354,5.202999999999999,0.129,0.359,5.3260000000000005,85.072,0.07400000000000001,3.133,254.875,5.209,254.981,0.823,Apiaceae
105905,35166,0,85,212,0,1487.1070000000002,514.864,300.439,1.714,69.215,111954.5,1281.53,367.209,473.361,150.22,257.432,193.185,1541.47,121489.67199999999,0.584,4.92,20.881999999999998,0.509,0.713,0.946,0.862,6049.5,154685.455,0.685,0.584,0.45,0.961,254.99599999999998,15.969000000000001,0.555,0.012,0.109,1.59,0.012,0.11,1.621,85.007,0.006999999999999999,0.99,254.988,1.63,254.998,0.294,Apiaceae
31668,10587,0,85,251,0,1597.388,505.035,96.87200000000001,5.212999999999999,142.16,225553.5,1076.383,200.801,508.464,48.43600000000001,252.517,134.661,5468.393,38424.687000000005,0.192,1.821,80.575,0.158,0.39799999999999996,0.14,0.674,193885.5,48923.832,0.647,0.192,0.452,0.9620000000000001,254.748,15.960999999999999,3.8930000000000002,1.0070000000000001,1.003,14.909,1.0170000000000001,1.0090000000000001,15.062999999999999,85.59100000000001,0.57,8.605,253.97299999999998,15.234000000000002,254.865,2.11,Apiaceae
28554,9654,0,85,249,0,2262.7129999999997,629.327,73.693,8.54,28.903000000000002,57143.0,1304.45,190.673,720.2439999999999,36.847,314.663,155.121,7655.378000000001,36424.48,0.11699999999999999,1.7730000000000001,179.305,0.092,0.303,0.5,0.5760000000000001,28589.0,46377.08900000001,0.616,0.11699999999999999,0.456,0.971,254.269,15.946,6.837000000000001,2.667,1.633,24.146,2.73,1.652,24.706,86.555,1.617,14.705,252.34799999999998,24.044,254.653,3.318,Apiaceae
121040,40214,0,85,225,0,1908.9129999999998,550.706,317.58099999999996,1.734,98.515,170440.0,1357.7320000000002,392.57199999999995,607.626,158.79,275.353,195.946,1315.761,137361.104,0.5770000000000001,5.402,30.105,0.508,0.713,0.71,0.711,49400.0,174893.58899999998,0.6920000000000001,0.5770000000000001,0.447,0.96,254.96900000000002,15.968,1.515,0.096,0.31,4.548,0.098,0.314,4.658,85.054,0.06,2.823,254.905,4.5280000000000005,254.985,0.7290000000000001,Apiaceae
112577,37539,0,85,253,0,1521.859,443.041,330.0,1.3430000000000002,84.814,118048.0,1240.382,378.599,484.423,165.0,221.52,193.752,340.81199999999995,114827.888,0.745,10.495,20.573,0.73,0.855,0.9540000000000001,0.815,5471.0,146203.408,0.77,0.745,0.45299999999999996,0.9590000000000001,254.94099999999997,15.967,1.5719999999999998,0.5770000000000001,0.759,11.397,0.575,0.758,11.357999999999999,85.36399999999999,0.268,7.206,254.399,11.879000000000001,254.954,1.101,Apiaceae
124283,41599,0,85,254,0,2484.571,516.422,339.564,1.521,91.76899999999999,148884.5,1343.602,397.796,790.8639999999999,169.782,258.211,203.375,1066.367,137726.223,0.6579999999999999,6.228,49.67,0.593,0.77,0.835,0.541,24601.5,175358.473,0.7090000000000001,0.6579999999999999,0.44799999999999995,0.96,254.82,15.963,2.8930000000000002,1.13,1.063,16.037,1.114,1.055,15.802,85.68799999999999,0.45799999999999996,7.42,253.833,16.56,254.88400000000001,1.855,Apiaceae
156853,52101,0,85,248,0,1770.896,565.722,389.686,1.452,125.963,223869.5,1479.155,446.89099999999996,563.694,194.843,282.861,220.782,922.8610000000001,173144.099,0.6890000000000001,7.268,19.994,0.624,0.79,0.701,0.835,67016.5,220453.914,0.7120000000000001,0.6890000000000001,0.46299999999999997,0.965,254.985,15.968,0.9640000000000001,0.06,0.244,3.6460000000000004,0.06,0.244,3.6430000000000002,85.035,0.031,1.965,254.93900000000002,3.705,254.99200000000002,0.527,Apiaceae
158558,52842,0,85,255,0,2257.77,496.158,413.0,1.2009999999999998,112.49799999999999,175353.5,1455.944,449.31300000000005,718.67,206.5,248.079,226.215,167.605,160938.571,0.8320000000000001,17.473,32.149,0.82,0.9059999999999999,0.904,0.645,16795.5,204913.353,0.774,0.8320000000000001,0.465,0.965,254.908,15.966,2.178,0.526,0.725,10.902999999999999,0.518,0.72,10.742,85.31700000000001,0.218,5.088,254.457,11.263,254.94099999999997,1.3419999999999999,Apiaceae
148754,49524,0,85,250,0,1847.908,529.991,377.67800000000005,1.403,152.245,253490.5,1424.4,435.20099999999996,588.207,188.83900000000003,264.995,220.235,693.3989999999999,157209.659,0.713,8.363999999999999,22.956,0.674,0.821,0.5870000000000001,0.7709999999999999,104736.5,200165.555,0.743,0.713,0.46299999999999997,0.9640000000000001,254.946,15.967,1.6440000000000001,0.379,0.616,9.346,0.365,0.605,9.004,85.23,0.126,3.634,254.61599999999999,9.46,254.965,1.008,Apiaceae
32664,10933,0,85,248,0,1576.2579999999998,510.546,93.318,5.471,63.076,101169.0,1089.469,203.93400000000003,501.73900000000003,46.659,255.273,137.528,4961.22,37418.659,0.183,1.953,76.065,0.16,0.39899999999999997,0.32299999999999995,0.691,68505.0,47642.916,0.6859999999999999,0.183,0.47600000000000003,0.97,254.69,15.959000000000001,4.373,1.179,1.0859999999999999,16.129,1.198,1.094,16.383,85.689,0.6920000000000001,9.599,253.815,16.225,254.84400000000002,2.259,Apiaceae
94829,31506,0,85,217,0,1722.9370000000001,470.865,283.115,1.663,69.223,102399.5,1198.378,347.477,548.428,141.55700000000002,235.433,180.726,1072.9569999999999,104700.567,0.601,5.517,31.304000000000002,0.545,0.738,0.9259999999999999,0.696,7570.5,133308.902,0.711,0.601,0.452,0.961,254.96400000000003,15.968,1.679,0.1,0.316,4.579,0.10400000000000001,0.322,4.765,85.056,0.065,2.99,254.90099999999998,4.5680000000000005,254.983,0.7959999999999999,Apiaceae
139454,46337,0,85,234,0,1748.067,541.24,371.231,1.4580000000000002,91.713,155944.5,1396.871,421.37699999999995,556.427,185.61599999999999,270.62,213.13400000000001,829.248,157806.274,0.6859999999999999,7.401,21.912,0.606,0.779,0.894,0.799,16490.5,200925.18899999998,0.6940000000000001,0.6859999999999999,0.467,0.966,254.97,15.968,1.371,0.11,0.332,4.896,0.111,0.33299999999999996,4.907,85.064,0.061,2.785,254.885,5.118,254.982,0.8009999999999999,Apiaceae
130657,43424,0,85,237,0,1872.283,554.217,313.125,1.77,78.403,136509.0,1393.832,407.87,595.966,156.562,277.10900000000004,209.395,1825.42,136297.449,0.565,4.901,26.829,0.542,0.736,0.9570000000000001,0.7440000000000001,5852.0,173539.301,0.753,0.565,0.485,0.9640000000000001,254.96200000000002,15.968,1.52,0.142,0.377,5.5729999999999995,0.14300000000000002,0.37799999999999995,5.602,85.08200000000001,0.083,3.321,254.852,5.797999999999999,254.97799999999998,0.88,Apiaceae
149001,49532,0,85,240,0,2002.005,551.2180000000001,364.226,1.5130000000000001,123.46600000000001,213805.5,1443.185,435.56199999999995,637.258,182.113,275.60900000000004,219.31900000000002,959.931,157682.645,0.6609999999999999,7.079,26.899,0.624,0.79,0.6970000000000001,0.721,64804.5,200767.77899999998,0.742,0.6609999999999999,0.493,0.96,254.951,15.967,1.805,0.17600000000000002,0.419,6.172999999999999,0.17800000000000002,0.42200000000000004,6.239,85.102,0.1,3.653,254.82,6.33,254.97299999999998,0.973,Apiaceae
150174,50657,0,85,251,0,1974.66,554.437,389.44800000000004,1.4240000000000002,149.691,260734.5,1454.761,437.273,628.554,194.72400000000002,277.218,219.783,659.785,169586.36800000002,0.7020000000000001,8.556000000000001,25.965,0.622,0.789,0.5760000000000001,0.737,110560.5,215924.069,0.695,0.7020000000000001,0.494,0.96,254.908,15.966,1.8730000000000002,2.134,1.4609999999999999,22.239,2.026,1.423,21.111,86.35600000000001,0.299,5.187,252.925,21.62,254.92700000000002,1.183,Apiaceae
144627,48346,0,85,252,0,2738.002,522.591,372.49,1.403,93.35,153258.5,1423.8429999999998,429.121,871.533,186.245,261.295,216.761,704.875,152885.6,0.713,8.164,51.833999999999996,0.674,0.821,0.9440000000000001,0.52,8631.5,194659.992,0.743,0.713,0.491,0.96,254.868,15.965,2.565,0.946,0.972,14.759,0.915,0.956,14.267000000000001,85.57600000000001,0.317,5.769,254.048,14.865,254.917,1.5630000000000002,Apiaceae
94870,33272,0,85,248,0,4173.48,478.12699999999995,398.76099999999997,1.199,98.52600000000001,147993.5,1377.455,347.55199999999996,1328.46,199.38,239.063,176.82,972.403,149742.607,0.8340000000000001,5.67,183.59799999999998,0.528,0.727,0.6409999999999999,0.33,53123.5,190658.208,0.498,0.8340000000000001,0.509,0.9670000000000001,252.30200000000002,15.884,14.373,8.415,2.9010000000000002,41.867,8.636000000000001,2.9389999999999996,42.941,89.78399999999999,4.768,24.566,246.83,40.882,253.797,6.2139999999999995,Apiaceae
138550,46039,0,85,241,0,1640.227,501.597,361.30300000000005,1.3880000000000001,186.93200000000002,294570.0,1370.8770000000002,420.009,522.1,180.65099999999998,250.799,213.235,581.045,142336.55800000002,0.72,8.846,19.418,0.701,0.8370000000000001,0.47,0.836,156020.0,181228.53399999999,0.765,0.72,0.495,0.961,254.972,15.968,1.296,0.115,0.34,5.033,0.11599999999999999,0.34,5.0360000000000005,85.068,0.06,2.762,254.878,5.307,254.983,0.782,Apiaceae
116889,38838,0,85,251,0,1528.5279999999998,468.031,322.88,1.45,82.152,120793.0,1260.933,385.782,486.546,161.44,234.015,194.135,699.363,118687.70599999999,0.69,7.341,19.988,0.679,0.8240000000000001,0.968,0.825,3904.0,151117.881,0.773,0.69,0.474,0.966,254.982,15.968,0.9590000000000001,0.099,0.315,4.763,0.098,0.313,4.695,85.06,0.046,2.333,254.898,4.87,254.989,0.589,Apiaceae
100462,36725,0,85,255,0,3340.526,467.462,335.06300000000005,1.395,86.868,127572.0,1329.7379999999998,357.648,1063.323,167.53099999999998,233.731,178.84400000000002,899.309,123016.29,0.7170000000000001,5.9639999999999995,111.07799999999999,0.585,0.765,0.787,0.39799999999999996,27110.0,156629.205,0.6409999999999999,0.7170000000000001,0.467,0.965,251.725,15.866,14.814,14.415,3.7969999999999997,55.346000000000004,14.619000000000002,3.823,56.111000000000004,93.586,7.4879999999999995,30.35,240.835,54.853,253.547,6.287999999999999,Apiaceae
109791,36523,0,85,250,0,1568.889,454.216,322.94599999999997,1.406,180.801,257995.5,1237.583,373.885,499.39300000000003,161.47299999999998,227.108,191.168,499.98199999999997,115208.002,0.711,8.549,22.419,0.6779999999999999,0.823,0.426,0.789,148204.5,146687.385,0.748,0.711,0.45899999999999996,0.963,254.96099999999998,15.967,1.486,0.267,0.517,7.869,0.256,0.506,7.53,85.161,0.086,2.964,254.736,7.763,254.977,0.8220000000000001,Apiaceae
69542,23189,0,85,251,0,1630.455,489.412,221.076,2.214,60.773,93441.0,1154.254,297.563,518.99,110.538,244.706,154.498,2333.163,84977.819,0.452,3.199,38.227,0.37,0.608,0.7440000000000001,0.708,23899.0,108197.12,0.643,0.452,0.45399999999999996,0.96,254.81900000000002,15.963,3.775,0.625,0.7909999999999999,11.545,0.65,0.8059999999999999,11.992,85.365,0.32899999999999996,6.782,254.377,11.529000000000002,254.916,1.676,Apiaceae
76762,25727,0,85,254,0,2040.182,521.429,245.34799999999998,2.125,62.074,101684.5,1205.254,312.628,649.41,122.67399999999999,260.714,170.76,2271.851,100477.321,0.47100000000000003,3.583,54.224,0.359,0.6,0.755,0.591,24922.5,127931.698,0.6,0.47100000000000003,0.456,0.963,254.782,15.962,3.353,1.3130000000000002,1.146,17.169,1.307,1.143,17.078,85.801,0.609,9.086,253.639,17.789,254.861,2.074,Apiaceae
162866,54253,0,85,248,0,1792.795,534.809,412.14300000000003,1.298,161.076,270631.5,1483.328,455.376,570.664,206.071,267.405,230.762,471.894,173115.664,0.7709999999999999,10.623,19.735,0.725,0.851,0.602,0.8270000000000001,107765.5,220417.70899999997,0.7390000000000001,0.7709999999999999,0.5760000000000001,0.9670000000000001,254.958,15.967,1.466,0.455,0.675,10.407,0.42100000000000004,0.649,9.609,85.27799999999999,0.127,3.451,254.56599999999997,9.919,254.97299999999998,0.877,Apiaceae
85045,28266,0,85,223,0,1614.1429999999998,470.93300000000005,249.62900000000002,1.8869999999999998,88.62700000000001,131122.0,1171.579,329.06300000000005,513.798,124.815,235.467,173.546,1408.095,92330.281,0.53,4.625,30.636,0.488,0.6990000000000001,0.649,0.726,46077.0,117558.565,0.723,0.53,0.447,0.961,254.955,15.967,1.72,0.152,0.39,5.694,0.157,0.397,5.88,85.088,0.099,3.722,254.84,5.98,254.975,0.9520000000000001,Apiaceae
100891,33692,0,85,248,0,2186.6079999999997,441.25699999999995,320.0,1.379,101.219,140315.5,1217.7160000000001,358.411,696.0189999999999,160.0,220.62900000000002,182.233,510.226,110900.054,0.725,8.068,47.39,0.66,0.812,0.7190000000000001,0.557,39424.5,141202.334,0.715,0.725,0.45899999999999996,0.9640000000000001,254.94799999999998,15.967,1.615,0.7879999999999999,0.887,13.658,0.735,0.857,12.734000000000002,85.49,0.161,3.53,254.25099999999998,12.993,254.967,0.9229999999999999,Apiaceae
54117,18048,0,85,214,0,1579.1729999999998,457.68300000000005,173.977,2.6310000000000002,42.838,61595.5,1049.0430000000001,262.496,502.666,86.98899999999999,228.842,148.942,1819.489,62538.547,0.38,3.492,46.081,0.32899999999999996,0.574,0.879,0.664,7478.5,79626.552,0.68,0.38,0.885,0.98,254.738,15.960999999999999,4.502,0.693,0.833,11.755,0.6990000000000001,0.836,11.857000000000001,85.37700000000001,0.433,7.474,254.21900000000002,13.254000000000001,254.82,3.0869999999999997,Asteraceae
69921,23251,0,85,230,0,1494.6529999999998,458.416,252.92700000000002,1.8119999999999998,56.6,81513.5,1108.6680000000001,298.373,475.76300000000003,126.464,229.208,158.339,1179.765,91063.56599999999,0.552,4.61,31.95,0.424,0.6509999999999999,0.858,0.742,11592.5,115945.73300000001,0.603,0.552,0.852,0.9740000000000001,254.951,15.967,1.6480000000000001,0.22399999999999998,0.473,6.792000000000001,0.215,0.46399999999999997,6.534,85.13,0.078,3.1260000000000003,254.747,7.678,254.956,1.466,Asteraceae
75627,25128,0,85,228,0,1261.2830000000001,408.80300000000005,253.0,1.6159999999999999,62.391999999999996,80129.0,1102.5610000000001,310.308,401.47900000000004,126.5,204.40200000000002,166.53400000000002,1140.118,81231.527,0.619,4.9319999999999995,21.035,0.5760000000000001,0.759,0.9440000000000001,0.8740000000000001,4502.0,103427.192,0.731,0.619,0.867,0.976,254.989,15.968,0.682,0.099,0.315,4.614,0.091,0.301,4.22,85.06,0.021,1.5290000000000001,254.90099999999998,4.622,254.99,0.61,Asteraceae
62398,20856,0,85,250,0,1166.663,376.889,239.65099999999998,1.5730000000000002,55.93899999999999,66234.0,962.7660000000001,281.865,371.36,119.825,188.44400000000002,144.422,467.12699999999995,70938.493,0.636,6.682,21.813000000000002,0.5589999999999999,0.748,0.9420000000000001,0.825,3836.0,90321.695,0.691,0.636,0.862,0.975,254.967,15.968,0.948,0.9259999999999999,0.9620000000000001,14.434000000000001,0.8059999999999999,0.898,12.565,85.566,0.11199999999999999,2.1109999999999998,254.167,13.005,254.96900000000002,0.89,Asteraceae
40779,13571,0,85,227,0,1491.8829999999998,352.755,247.877,1.423,51.013000000000005,56533.5,922.67,227.863,474.881,123.93799999999999,176.377,121.185,766.1010000000001,68674.948,0.703,4.378,54.58,0.41700000000000004,0.6459999999999999,0.721,0.618,15754.5,87439.659,0.466,0.703,0.861,0.975,254.92700000000002,15.966,2.29,0.344,0.586,8.494,0.325,0.57,8.024,85.199,0.132,3.949,254.648,8.699,254.94799999999998,1.609,Asteraceae
46007,15389,0,85,253,0,1045.651,317.8,198.458,1.601,49.724,49644.0,827.654,242.02900000000002,332.841,99.229,158.9,121.74799999999999,393.37,49535.138,0.624,6.138,23.766,0.58,0.762,0.927,0.792,3637.0,63070.096,0.7290000000000001,0.624,0.8759999999999999,0.9790000000000001,254.94099999999997,15.967,1.4369999999999998,1.04,1.02,15.220999999999998,0.9179999999999999,0.958,13.442,85.633,0.155,3.125,254.03799999999998,14.116,254.946,1.245,Asteraceae
30409,10135,0,85,243,0,1023.9110000000001,319.658,159.438,2.005,34.408,34553.5,743.17,196.769,325.921,79.719,159.829,103.88799999999999,690.3510000000001,40028.311,0.499,3.9539999999999997,34.476,0.379,0.616,0.88,0.726,4144.5,50965.629,0.597,0.499,0.873,0.978,254.896,15.965,2.4130000000000003,0.5539999999999999,0.7440000000000001,10.747,0.529,0.728,10.257,85.32700000000001,0.16899999999999998,4.47,254.388,11.887,254.90599999999998,2.162,Asteraceae
27676,9212,0,85,252,0,1053.325,266.85200000000003,171.232,1.558,39.784,33352.5,679.482,187.718,335.284,85.616,133.42600000000002,96.428,278.265,35887.602,0.642,5.781000000000001,40.089,0.495,0.703,0.83,0.645,5676.5,45693.514,0.606,0.642,0.897,0.983,254.918,15.966,2.011,0.37,0.608,8.707,0.359,0.599,8.449,85.21600000000001,0.063,1.9,254.565,10.224,254.92,1.959,Asteraceae
30767,10261,0,85,241,0,872.3539999999999,284.318,158.476,1.794,36.997,33046.0,712.953,197.924,277.67900000000003,79.238,142.159,102.609,725.472,35388.245,0.557,3.81,24.734,0.485,0.696,0.9309999999999999,0.8170000000000001,2279.0,45057.712999999996,0.6829999999999999,0.557,0.8740000000000001,0.98,254.87,15.965,2.496,0.649,0.805,11.61,0.627,0.792,11.231,85.382,0.17800000000000002,4.706,254.27,13.068,254.88,2.258,Asteraceae
29320,9757,0,85,216,0,1016.07,273.856,172.12900000000002,1.591,41.15,35403.5,697.2739999999999,193.213,323.425,86.065,136.928,99.695,290.219,37022.566,0.629,5.852,35.211,0.498,0.706,0.828,0.6859999999999999,6083.5,47138.595,0.622,0.629,0.8809999999999999,0.981,254.87099999999998,15.965,3.053,0.359,0.599,8.362,0.36,0.6,8.381,85.197,0.20199999999999999,5.115,254.56799999999998,10.074,254.89700000000002,2.44,Asteraceae
69614,24437,0,85,252,0,1223.0410000000002,456.07,197.135,2.313,49.96,71581.5,1073.392,297.717,389.306,98.56700000000001,228.035,174.428,1708.2160000000001,70613.0,0.43200000000000005,4.22,21.487,0.426,0.653,0.973,0.878,1967.5,89907.263,0.774,0.43200000000000005,0.684,0.968,254.422,15.950999999999999,3.668,7.932,2.8160000000000003,41.472,7.242000000000001,2.6910000000000003,37.888000000000005,89.865,0.87,4.7330000000000005,247.24900000000002,40.493,254.423,3.655,Asteraceae
62017,21875,0,85,243,0,1181.862,455.439,185.0,2.4619999999999997,48.255,69044.0,1056.647,281.003,376.19800000000004,92.5,227.72,166.65400000000002,2029.2420000000002,66174.727,0.406,3.7,22.523000000000003,0.381,0.617,0.898,0.894,7027.0,84256.27900000001,0.736,0.406,0.6970000000000001,0.966,254.588,15.956,2.4419999999999997,8.637,2.9389999999999996,43.498999999999995,7.667999999999999,2.7689999999999997,38.649,90.29799999999999,0.9520000000000001,4.827,246.97400000000002,40.431,254.588,2.4419999999999997,Asteraceae
69199,23028,0,85,233,0,1384.5870000000002,455.31699999999995,208.577,2.1830000000000003,52.691,75370.0,1103.66,296.828,440.728,104.288,227.65900000000002,158.295,2032.557,74588.12400000001,0.45799999999999996,3.511,27.704,0.425,0.652,0.9179999999999999,0.797,6171.0,94968.549,0.7290000000000001,0.45799999999999996,0.685,0.9690000000000001,254.93900000000002,15.967,1.805,0.327,0.5720000000000001,8.277000000000001,0.309,0.556,7.829,85.19200000000001,0.085,2.773,254.642,9.104,254.94400000000002,1.631,Asteraceae
61567,20498,0,85,225,0,1423.658,452.548,191.113,2.3680000000000003,46.431999999999995,66013.5,1056.845,279.981,453.164,95.556,226.274,150.542,2320.871,67927.292,0.42200000000000004,3.125,32.92,0.38299999999999995,0.619,0.9329999999999999,0.742,4446.5,86487.715,0.7120000000000001,0.42200000000000004,0.644,0.9620000000000001,254.977,15.968,0.797,0.384,0.62,9.08,0.33899999999999997,0.583,8.022,85.23299999999999,0.04,1.351,254.641,8.49,254.977,0.752,Asteraceae
54694,18172,0,85,225,0,1147.225,349.67699999999996,216.24900000000002,1.617,58.846000000000004,64645.0,943.573,263.89099999999996,365.173,108.125,174.838,136.889,903.87,59389.79,0.618,4.553,24.063000000000002,0.57,0.755,0.846,0.8220000000000001,9951.0,75617.43,0.723,0.618,0.64,0.965,254.975,15.968,1.169,0.10400000000000001,0.32299999999999995,4.604,0.1,0.317,4.444,85.06,0.025,1.6380000000000001,254.87900000000002,5.353,254.977,1.069,Asteraceae
45959,15278,0,85,240,0,1042.899,304.322,242.72,1.254,58.635,56058.5,835.612,241.90200000000002,331.965,121.36,152.161,122.541,180.343,58013.541,0.7979999999999999,9.125,23.665,0.632,0.795,0.82,0.8009999999999999,10099.5,73865.134,0.622,0.7979999999999999,0.645,0.966,254.983,15.968,0.823,0.171,0.413,6.109,0.156,0.395,5.5889999999999995,85.103,0.024,1.1320000000000001,254.83,6.1,254.984,0.7440000000000001,Asteraceae
27138,9032,0,85,252,0,815.301,297.617,120.204,2.476,30.335,28363.0,688.169,185.885,259.518,60.102,148.809,96.11,848.784,28097.389,0.40399999999999997,3.299,24.494,0.39,0.625,0.9570000000000001,0.8440000000000001,1225.0,35774.707,0.759,0.40399999999999997,0.645,0.9670000000000001,254.93900000000002,15.967,1.713,0.34299999999999997,0.585,8.522,0.33,0.574,8.209,85.204,0.156,5.033,254.62599999999998,9.32,254.945,1.5219999999999998,Asteraceae
25783,8562,0,85,228,0,828.347,264.849,145.295,1.8230000000000002,51.128,42541.0,643.248,181.185,263.671,72.648,132.425,93.984,295.783,30223.097999999998,0.5489999999999999,5.465,26.613000000000003,0.46799999999999997,0.684,0.606,0.777,16758.0,38481.244,0.67,0.5489999999999999,0.6409999999999999,0.9670000000000001,254.99599999999998,15.969000000000001,0.418,0.033,0.182,2.658,0.031,0.17600000000000002,2.4930000000000003,85.02,0.004,0.332,254.965,2.819,254.99599999999998,0.418,Asteraceae
22207,7403,0,85,225,0,855.502,243.77200000000002,140.738,1.732,39.59,30319.5,605.126,168.15099999999998,272.315,70.369,121.88600000000001,88.068,287.215,26945.472999999998,0.5770000000000001,5.197,32.957,0.47600000000000003,0.69,0.732,0.7070000000000001,8112.5,34308.041,0.647,0.5770000000000001,0.6459999999999999,0.968,254.842,15.964,3.029,0.612,0.782,11.134,0.597,0.773,10.869000000000002,85.35,0.233,5.622000000000001,254.287,12.968,254.861,2.634,Asteraceae
23691,7891,0,85,218,0,1036.597,251.873,145.0,1.7369999999999999,51.001999999999995,40357.0,627.371,173.679,329.959,72.5,125.936,91.061,290.414,28683.984,0.5760000000000001,5.343,45.356,0.475,0.69,0.5870000000000001,0.605,16666.0,36521.583,0.649,0.5760000000000001,0.642,0.968,254.829,15.963,3.529,0.491,0.701,9.936,0.496,0.7040000000000001,10.029,85.272,0.324,6.807,254.435,11.425,254.875,2.576,Asteraceae
62458,20801,0,85,235,0,1293.433,461.16900000000004,173.636,2.656,48.218,69858.0,1064.0610000000001,282.0,411.712,86.818,230.585,155.434,2435.139,62891.316,0.377,3.15,26.785,0.374,0.611,0.894,0.823,7400.0,80075.71,0.78,0.377,0.518,0.941,254.96599999999998,15.968,1.053,0.426,0.653,9.609,0.384,0.619,8.64,85.259,0.057,2.119,254.58700000000002,9.32,254.967,1.024,Asteraceae
63650,21212,0,85,251,0,1579.346,477.202,179.71099999999998,2.655,48.321999999999996,72443.0,1102.057,284.678,502.722,89.855,238.601,151.464,2726.942,67354.427,0.377,2.9,39.188,0.35600000000000004,0.597,0.879,0.698,8793.0,85758.32,0.742,0.377,0.45399999999999996,0.934,254.929,15.967,1.7590000000000001,0.519,0.72,10.667,0.501,0.708,10.292,85.316,0.132,3.96,254.447,11.357999999999999,254.937,1.525,Asteraceae
44616,15039,0,85,247,0,2156.515,376.524,243.9,1.544,57.125,67572.5,966.2919999999999,238.342,686.44,121.95,188.262,127.134,892.0239999999999,72126.27799999999,0.648,4.257,104.235,0.401,0.633,0.66,0.44799999999999995,22956.5,91834.03,0.486,0.648,0.45399999999999996,0.9390000000000001,254.7,15.959000000000001,3.76,2.176,1.475,21.517,2.011,1.4180000000000001,19.868,86.296,0.423,6.314,252.731,22.474,254.71400000000003,3.545,Asteraceae
44471,14791,0,85,240,0,1239.675,358.66,186.21400000000003,1.926,49.275,55521.0,916.47,237.954,394.601,93.10700000000001,179.33,126.37899999999999,1584.967,52454.665,0.519,3.174,34.556999999999995,0.44,0.6629999999999999,0.8009999999999999,0.7390000000000001,11050.0,66787.354,0.6659999999999999,0.519,0.447,0.938,254.923,15.966,2.245,0.261,0.511,7.306,0.258,0.508,7.23,85.147,0.129,3.9360000000000004,254.692,8.605,254.93599999999998,1.8559999999999999,Asteraceae
30076,10013,0,85,233,0,1000.337,314.892,136.517,2.307,50.431999999999995,49890.0,763.375,195.688,318.41700000000003,68.258,157.446,102.447,1192.558,33762.768,0.434,2.967,33.272,0.386,0.621,0.603,0.763,19814.0,42988.092000000004,0.7,0.434,0.45399999999999996,0.941,254.928,15.966,2.006,0.40299999999999997,0.635,9.202,0.37799999999999995,0.615,8.61,85.23700000000001,0.121,3.906,254.562,10.022,254.933,1.851,Asteraceae
49520,16463,0,85,251,0,1004.9580000000001,297.015,235.02,1.264,80.343,74968.5,817.326,251.09900000000002,319.888,117.51,148.50799999999998,125.43700000000001,122.08,54824.29,0.7909999999999999,11.353,20.395,0.715,0.845,0.6609999999999999,0.813,25448.5,69804.454,0.7090000000000001,0.7909999999999999,0.45299999999999996,0.9390000000000001,254.97400000000002,15.968,1.068,0.18600000000000003,0.431,6.396,0.177,0.42100000000000004,6.0889999999999995,85.11200000000001,0.040999999999999995,1.847,254.803,6.763999999999999,254.977,0.9490000000000001,Asteraceae
31779,10564,0,85,213,0,1072.781,290.988,175.483,1.6580000000000001,46.42100000000001,42436.5,726.9119999999999,201.15200000000002,341.477,87.742,145.494,103.065,305.064,40105.215,0.603,5.901,36.214,0.478,0.691,0.7490000000000001,0.6779999999999999,10657.5,51063.545999999995,0.622,0.603,0.456,0.9420000000000001,254.93599999999998,15.967,2.1180000000000003,0.19,0.436,6.183,0.188,0.434,6.136,85.105,0.102,3.54,254.78,7.156000000000001,254.952,1.604,Asteraceae
29794,9920,0,85,231,0,967.71,274.935,150.343,1.829,37.785,32636.5,700.0139999999999,194.769,308.032,75.172,137.467,95.69,584.004,32464.077,0.547,3.96,31.430999999999997,0.502,0.708,0.9129999999999999,0.723,2842.5,41334.546,0.721,0.547,0.447,0.9390000000000001,254.88400000000001,15.965,2.695,0.42,0.648,9.203,0.41700000000000004,0.6459999999999999,9.146,85.24,0.235,6.032,254.507,10.806,254.90200000000002,2.254,Asteraceae
24117,8066,0,85,225,0,1065.367,295.657,115.804,2.553,31.24,29017.0,681.584,175.233,339.11699999999996,57.902,147.828,97.833,761.297,26890.617000000002,0.392,3.5460000000000003,47.062,0.35100000000000003,0.593,0.831,0.64,4900.0,34238.197,0.7040000000000001,0.392,0.46299999999999997,0.945,254.845,15.964,2.258,1.052,1.025,14.755999999999998,0.975,0.988,13.686,85.624,0.10300000000000001,1.615,253.889,15.58,254.845,2.242,Asteraceae
31627,10523,0,85,224,0,895.217,261.964,172.43900000000002,1.5190000000000001,50.943000000000005,41925.0,683.6310000000001,200.671,284.957,86.22,130.982,99.631,212.196,35478.667,0.6579999999999999,6.84,25.34,0.5870000000000001,0.7659999999999999,0.754,0.764,10298.0,45172.84099999999,0.7,0.6579999999999999,0.466,0.9420000000000001,254.947,15.967,1.599,0.3,0.5479999999999999,7.79,0.284,0.5329999999999999,7.372999999999999,85.177,0.046,2.081,254.67,8.575,254.949,1.506,Asteraceae
69972,23912,0,85,246,0,2051.1279999999997,468.961,210.584,2.227,60.095,88536.5,1106.681,298.481,652.894,105.292,234.48,153.959,1588.578,77562.635,0.449,3.863,60.126000000000005,0.405,0.636,0.79,0.54,18564.5,98755.814,0.7090000000000001,0.449,0.316,0.888,254.613,15.957,3.002,4.095,2.024,29.302,3.745,1.935,26.791999999999998,87.484,0.366,2.675,250.923,29.156999999999996,254.613,3.002,Asteraceae
73342,24382,0,85,232,0,1491.374,454.041,200.0,2.27,65.317,93169.5,1113.475,305.585,474.719,100.0,227.02,168.428,1804.431,71320.554,0.44,3.965,30.326,0.45299999999999996,0.6729999999999999,0.787,0.747,19827.5,90808.149,0.8079999999999999,0.44,0.38299999999999995,0.922,254.946,15.967,1.791,0.18899999999999997,0.435,6.176,0.187,0.43200000000000005,6.093999999999999,85.10700000000001,0.085,3.437,254.77200000000002,7.431,254.952,1.5859999999999999,Asteraceae
54963,18315,0,85,245,0,1325.516,425.319,180.951,2.35,59.00899999999999,78846.0,977.7710000000001,264.539,421.925,90.475,212.65900000000002,135.884,1506.477,60445.543,0.425,3.5010000000000003,31.967,0.387,0.622,0.6970000000000001,0.738,23883.0,76961.656,0.7140000000000001,0.425,0.344,0.882,254.924,15.966,1.7409999999999999,0.514,0.7170000000000001,10.375,0.479,0.6920000000000001,9.668,85.306,0.083,2.498,254.46099999999998,10.884,254.928,1.591,Asteraceae
50207,16676,0,85,233,0,1101.266,351.23199999999997,191.26,1.8359999999999999,58.293,64322.0,912.529,252.835,350.54400000000004,95.63,175.61599999999999,130.52100000000002,1080.973,52760.387,0.545,3.97,24.156,0.518,0.72,0.7809999999999999,0.8290000000000001,14115.0,67176.61200000001,0.747,0.545,0.35100000000000003,0.8809999999999999,254.993,15.968,0.628,0.051,0.226,3.32,0.047,0.217,3.037,85.03,0.01,0.758,254.946,3.485,254.993,0.601,Asteraceae
40610,13603,0,85,246,0,1007.81,372.839,152.54,2.444,45.898,53760.5,857.045,227.39,320.796,76.27,186.42,119.149,1415.5120000000002,44667.927,0.409,3.167,25.011,0.37200000000000005,0.61,0.755,0.85,13150.5,56872.971,0.7140000000000001,0.409,0.344,0.878,254.919,15.966,1.358,1.244,1.115,16.49,1.093,1.045,14.488,85.75200000000001,0.139,2.199,253.83700000000002,15.433,254.919,1.355,Asteraceae
55347,18385,0,85,252,0,968.5310000000001,323.11,238.736,1.3530000000000002,62.839,63786.5,873.18,265.462,308.293,119.368,161.555,133.542,152.452,60583.981,0.7390000000000001,10.815999999999999,16.949,0.675,0.8220000000000001,0.868,0.902,8439.5,77137.921,0.718,0.7390000000000001,0.336,0.88,254.99200000000002,15.968,0.619,0.064,0.254,3.7889999999999997,0.06,0.245,3.553,85.039,0.018000000000000002,1.244,254.93400000000003,3.8930000000000002,254.993,0.535,Asteraceae
39855,13268,0,85,226,0,1195.065,289.807,204.09799999999998,1.42,68.275,62161.5,782.541,225.266,380.401,102.04899999999999,144.903,113.573,198.90099999999998,46455.608,0.7040000000000001,8.052999999999999,35.834,0.604,0.777,0.6409999999999999,0.655,22306.5,59149.117,0.674,0.7040000000000001,0.325,0.879,254.83,15.963,3.7239999999999998,0.42100000000000004,0.649,9.074,0.42700000000000005,0.654,9.199,85.226,0.27899999999999997,6.131,254.512,10.517999999999999,254.87900000000002,2.639,Asteraceae
32193,10774,0,85,220,0,1250.32,303.595,169.782,1.788,88.084,84012.0,738.6110000000001,202.458,397.98900000000003,84.891,151.798,104.74799999999999,446.231,40483.294,0.5589999999999999,4.959,48.56,0.445,0.667,0.38299999999999995,0.591,51819.0,51544.931,0.625,0.5589999999999999,0.33399999999999996,0.8759999999999999,254.505,15.953,6.315,1.265,1.125,15.817,1.266,1.125,15.835,85.679,0.7490000000000001,9.683,253.574,17.861,254.65900000000002,4.328,Asteraceae
29706,9893,0,85,229,0,944.3539999999999,280.71299999999997,167.955,1.671,45.254,39908.5,697.933,194.481,300.597,83.977,140.357,100.51,314.998,37029.246,0.598,5.662999999999999,30.021,0.48,0.693,0.7440000000000001,0.7390000000000001,10202.5,47147.1,0.63,0.598,0.319,0.877,254.928,15.966,1.726,0.436,0.66,9.543,0.41200000000000003,0.642,9.012,85.259,0.07200000000000001,2.5810000000000004,254.525,10.419,254.93,1.6580000000000001,Asteraceae
27875,9531,0,85,245,0,975.685,293.002,160.931,1.821,39.01,35908.0,700.722,188.392,310.57,80.46600000000001,146.501,102.302,505.082,37033.992999999995,0.5489999999999999,4.552,34.150999999999996,0.413,0.643,0.7759999999999999,0.718,8033.0,47153.144,0.591,0.5489999999999999,0.316,0.882,254.798,15.962,2.224,4.122,2.03,29.844,3.6860000000000004,1.92,26.684,87.536,0.39399999999999996,3.114,251.141,27.939,254.8,2.166,Asteraceae
58172,19361,0,85,231,0,1310.504,430.30800000000005,179.083,2.403,71.193,96242.5,1010.377,272.152,417.14599999999996,89.542,215.15400000000002,142.154,1760.621,60523.505999999994,0.41600000000000004,3.388,29.523000000000003,0.4,0.632,0.604,0.7709999999999999,38070.5,77060.921,0.755,0.41600000000000004,0.604,0.9259999999999999,254.954,15.967,1.304,0.344,0.5870000000000001,8.56,0.317,0.563,7.898,85.205,0.057999999999999996,2.388,254.641,8.943,254.955,1.287,Asteraceae
57899,19261,0,85,229,0,1489.156,409.939,195.515,2.097,71.55,92146.5,1002.11,271.513,474.01300000000003,97.758,204.97,137.369,1598.723,62949.14599999999,0.47700000000000004,3.4360000000000004,38.301,0.439,0.662,0.628,0.6729999999999999,34247.5,80149.342,0.722,0.47700000000000004,0.611,0.922,254.91299999999998,15.966,2.351,0.289,0.5379999999999999,7.556,0.287,0.535,7.48,85.163,0.14400000000000002,4.492,254.64700000000002,9.208,254.922,2.084,Asteraceae
58510,19456,0,85,234,0,1389.256,398.468,199.59900000000002,1.996,77.721,97293.0,996.85,272.942,442.214,99.8,199.234,134.539,1188.677,62465.905999999995,0.501,3.9019999999999997,32.986,0.469,0.685,0.601,0.718,38783.0,79534.062,0.736,0.501,0.607,0.9279999999999999,254.93,15.967,2.131,0.226,0.475,6.672000000000001,0.22399999999999998,0.474,6.631,85.12700000000001,0.124,4.277,254.726,8.087,254.93900000000002,1.84,Asteraceae
39048,13011,0,85,237,0,1134.479,287.717,199.666,1.4409999999999998,60.453,54643.0,775.9580000000001,222.97400000000002,361.116,99.833,143.858,114.95700000000001,198.845,45118.958,0.6940000000000001,8.152000000000001,32.961,0.601,0.775,0.715,0.684,15595.0,57447.242,0.68,0.6940000000000001,0.609,0.927,254.87900000000002,15.965,2.53,0.525,0.725,10.335,0.512,0.715,10.064,85.305,0.16699999999999998,4.761,254.385,12.084000000000001,254.886,2.3609999999999998,Asteraceae
37829,12608,0,85,236,0,1119.2069999999999,327.79400000000004,176.07,1.8619999999999999,54.073,55684.5,783.112,219.46599999999998,356.255,88.035,163.89700000000002,111.39399999999999,535.238,45328.925,0.537,4.815,33.113,0.44799999999999995,0.67,0.679,0.7,17855.5,57714.58,0.655,0.537,0.612,0.9279999999999999,254.863,15.964,2.821,0.5660000000000001,0.753,10.751,0.545,0.738,10.337,85.325,0.19699999999999998,4.967,254.34900000000002,12.357999999999999,254.878,2.469,Asteraceae
30656,10257,0,85,251,0,1274.545,306.53700000000003,165.399,1.8530000000000002,52.476000000000006,50535.0,736.045,197.56599999999997,405.7,82.7,153.269,101.46700000000001,427.95300000000003,39820.5,0.54,4.905,52.99,0.415,0.645,0.607,0.5770000000000001,19879.0,50701.035,0.605,0.54,0.615,0.9279999999999999,254.78,15.962,3.344,1.135,1.065,15.365,1.068,1.033,14.452,85.661,0.243,4.501,253.747,16.958,254.794,3.091,Asteraceae
27952,9323,0,85,235,0,1142.965,262.017,181.00099999999998,1.4480000000000002,43.297,35640.0,684.459,188.65200000000002,363.81699999999995,90.501,131.009,96.366,217.447,37247.881,0.691,6.535,46.736000000000004,0.518,0.72,0.784,0.599,7688.0,47425.474,0.589,0.691,0.616,0.932,254.842,15.964,2.89,0.675,0.821,11.76,0.65,0.8059999999999999,11.325,85.389,0.19399999999999998,4.502,254.21599999999998,13.657,254.852,2.676,Asteraceae
30499,10227,0,85,216,0,1238.739,279.217,186.94299999999998,1.494,106.27600000000001,93223.5,719.1469999999999,197.06,394.30300000000005,93.47200000000001,139.608,100.345,297.534,40996.017,0.67,5.817,50.312,0.498,0.706,0.327,0.581,62724.5,52197.75,0.584,0.67,0.618,0.922,254.40400000000002,15.95,6.816,1.5630000000000002,1.25,17.608,1.579,1.2570000000000001,17.795,85.84899999999999,1.006,11.532,253.235,19.905,254.59099999999998,4.688,Asteraceae
22441,7460,0,85,244,0,758.105,275.545,106.88799999999999,2.5780000000000003,72.418,62689.0,635.434,169.035,241.312,53.443999999999996,137.77200000000002,88.90899999999999,828.681,23131.833,0.38799999999999996,3.089,25.61,0.376,0.613,0.358,0.838,40248.0,29452.363999999998,0.762,0.38799999999999996,0.611,0.922,254.968,15.968,1.227,0.18100000000000002,0.425,6.228,0.175,0.419,6.047999999999999,85.10799999999999,0.039,1.92,254.797,6.985,254.97,1.1540000000000001,Asteraceae
76134,67,0,0,239,0,1425.606,447.913,236.88400000000001,1.891,55.562,78184.5,1087.3310000000001,311.347,453.785,118.44200000000001,223.956,162.488,1190.155,83333.445,0.529,4.71,26.694000000000003,0.483,0.695,0.9740000000000001,0.763,2050.5,106103.43699999999,0.718,0.529,0.5,0.94,0.205,0.45299999999999996,6.311,0.23600000000000002,0.485,7.229,0.24100000000000002,0.491,7.397,0.22699999999999998,0.14,4.3069999999999995,0.04,1.325,0.242,7.42,Brassicaceae
115111,911,0,0,253,0,1462.4029999999998,441.55300000000005,327.91900000000004,1.347,84.92200000000001,117802.5,1250.368,382.837,465.49699999999996,163.96,220.77599999999998,194.544,403.048,113720.641,0.743,9.69,18.579,0.752,0.867,0.977,0.855,2691.5,144793.61800000002,0.795,0.743,0.42,0.935,2.123,1.4569999999999999,22.919,2.039,1.4280000000000002,22.015,1.921,1.386,20.74,2.0269999999999997,0.254,3.739,0.21,2.364,2.126,22.955,Brassicaceae
113276,346,0,0,249,0,1727.0620000000001,441.662,323.355,1.3659999999999999,84.345,117030.5,1247.723,379.773,549.741,161.678,220.831,192.463,452.84,112165.491,0.732,9.044,26.331999999999997,0.7390000000000001,0.86,0.968,0.722,3754.5,142813.539,0.7929999999999999,0.732,0.424,0.935,0.7959999999999999,0.892,13.697000000000001,0.79,0.889,13.515,0.762,0.873,13.012,0.7829999999999999,0.19899999999999998,4.677,0.10400000000000001,1.896,0.8290000000000001,14.181,Brassicaceae
106473,43,0,0,244,0,1529.021,429.348,321.758,1.334,80.875,109087.0,1193.302,368.19199999999995,486.702,160.879,214.674,185.26,340.945,108499.9,0.7490000000000001,10.033,21.958000000000002,0.735,0.858,0.976,0.78,2614.0,138146.364,0.7709999999999999,0.7490000000000001,0.431,0.9359999999999999,0.094,0.306,4.236000000000001,0.109,0.331,4.9110000000000005,0.11199999999999999,0.335,5.021,0.105,0.063,2.886,0.022000000000000002,1.053,0.113,5.071000000000001,Brassicaceae
95149,227,0,0,249,0,1560.3929999999998,405.346,306.082,1.324,77.237,98356.0,1132.749,348.06199999999995,496.689,153.041,202.673,174.243,313.53700000000003,97443.469,0.755,9.84,25.59,0.737,0.8590000000000001,0.9670000000000001,0.726,3207.0,124068.879,0.767,0.755,0.425,0.935,0.616,0.785,12.02,0.625,0.79,12.117,0.5920000000000001,0.77,11.475999999999999,0.611,0.177,4.294,0.083,1.705,0.645,12.51,Brassicaceae
94460,75,0,0,239,0,1600.317,384.267,326.617,1.177,81.117,97925.5,1119.042,346.8,509.397,163.309,192.13299999999998,173.61,119.36,98573.90800000001,0.85,15.890999999999998,27.112,0.815,0.902,0.965,0.6990000000000001,3465.5,125508.198,0.753,0.85,0.419,0.934,0.193,0.439,6.297000000000001,0.21100000000000002,0.45899999999999996,6.841,0.212,0.461,6.872000000000001,0.205,0.111,3.833,0.031,1.113,0.217,7.028,Brassicaceae
89004,71,0,0,246,0,1525.388,386.43,315.069,1.226,75.093,91163.5,1087.655,336.635,485.546,157.535,193.215,168.25599999999997,122.006,95623.906,0.815,15.232999999999999,26.143,0.759,0.871,0.976,0.713,2159.5,121752.13900000001,0.731,0.815,0.41600000000000004,0.935,0.19,0.436,6.186,0.213,0.462,6.897,0.217,0.466,7.016,0.20600000000000002,0.114,3.877,0.038,1.311,0.221,7.144,Brassicaceae
101403,75,0,0,241,0,1605.246,454.14599999999996,300.925,1.5090000000000001,77.436,110481.5,1191.575,359.319,510.966,150.46200000000002,227.07299999999998,183.041,553.696,107335.64300000001,0.6629999999999999,7.779,25.412,0.626,0.7909999999999999,0.9179999999999999,0.742,9078.5,136663.985,0.742,0.6629999999999999,0.49200000000000005,0.948,0.17300000000000001,0.415,5.747999999999999,0.19899999999999998,0.446,6.593999999999999,0.203,0.451,6.739,0.191,0.11699999999999999,3.924,0.035,1.237,0.203,6.756,Brassicaceae
103086,123,0,0,247,0,1704.6670000000001,456.098,286.0,1.595,84.897,121647.0,1206.046,362.289,542.612,143.0,228.049,183.47299999999998,830.345,102450.405,0.627,6.367000000000001,28.189,0.631,0.794,0.847,0.7070000000000001,18561.0,130443.90699999999,0.79,0.627,0.47100000000000003,0.9470000000000001,0.28800000000000003,0.537,7.7139999999999995,0.314,0.56,8.349,0.318,0.564,8.459,0.307,0.161,4.649,0.048,1.4069999999999998,0.325,8.647,Brassicaceae
89101,90,0,0,249,0,1587.79,450.62,256.0,1.76,75.236,106509.0,1147.5839999999998,336.819,505.409,128.0,225.31,173.226,1089.458,90602.44099999999,0.568,5.247999999999999,28.295,0.5589999999999999,0.747,0.8370000000000001,0.723,17408.0,115358.61099999999,0.772,0.568,0.434,0.943,0.245,0.495,7.124,0.266,0.515,7.63,0.272,0.521,7.803999999999999,0.261,0.128,4.237,0.051,1.56,0.281,8.088,Brassicaceae
83652,149,0,0,240,0,1727.655,349.721,325.611,1.074,86.478,95012.0,1054.5339999999999,326.357,549.93,162.806,174.861,163.44799999999998,19.223,89435.776,0.9309999999999999,37.28,35.681,0.871,0.9329999999999999,0.88,0.61,11360.0,113873.16699999999,0.735,0.9309999999999999,0.521,0.9490000000000001,0.40700000000000003,0.638,8.742,0.475,0.6890000000000001,10.174,0.49,0.7,10.503,0.457,0.295,6.337999999999999,0.09300000000000001,2.113,0.49,10.505999999999998,Brassicaceae
83237,49,0,0,245,0,1382.795,343.017,319.125,1.075,79.352,85511.0,1038.94,325.547,440.157,159.563,171.50900000000001,163.35399999999998,21.784000000000002,85974.04699999999,0.93,34.999,22.971999999999998,0.9009999999999999,0.9490000000000001,0.973,0.7509999999999999,2274.0,109465.556,0.76,0.93,0.518,0.9490000000000001,0.136,0.369,5.0889999999999995,0.158,0.39799999999999996,5.905,0.163,0.40399999999999997,6.087000000000001,0.153,0.096,3.5860000000000003,0.03,1.207,0.16399999999999998,6.093,Brassicaceae
77915,50,0,0,237,0,1401.648,337.291,297.496,1.1340000000000001,76.83800000000001,81419.5,1011.4639999999999,314.967,446.158,148.748,168.645,157.752,80.568,78809.02799999999,0.882,17.575,25.215,0.872,0.934,0.9570000000000001,0.722,3504.5,100342.771,0.7759999999999999,0.882,0.501,0.945,0.147,0.384,5.28,0.172,0.414,6.138999999999999,0.17800000000000002,0.42100000000000004,6.348,0.166,0.106,3.784,0.034,1.258,0.17800000000000002,6.35,Brassicaceae
59182,41,0,0,236,0,1269.315,387.181,216.38099999999997,1.7890000000000001,60.157,73172.5,944.669,274.505,404.035,108.19,193.59,137.305,799.926,65799.405,0.5589999999999999,4.855,27.224,0.503,0.7090000000000001,0.809,0.7440000000000001,13990.5,83778.405,0.706,0.5589999999999999,0.5329999999999999,0.9490000000000001,0.168,0.41,5.8020000000000005,0.187,0.433,6.445,0.18899999999999997,0.435,6.51,0.182,0.106,3.7289999999999996,0.026000000000000002,0.996,0.191,6.559,Brassicaceae
106241,177,0,0,254,0,1762.366,448.81300000000005,299.0,1.501,77.75399999999999,109632.0,1209.127,367.791,560.9780000000001,149.5,224.40599999999998,188.507,640.79,105396.546,0.6659999999999999,7.447,29.235,0.672,0.8190000000000001,0.9690000000000001,0.6859999999999999,3391.0,134195.051,0.792,0.6659999999999999,0.7090000000000001,0.956,0.392,0.626,8.823,0.43700000000000006,0.6609999999999999,9.805,0.451,0.6709999999999999,10.109,0.42700000000000005,0.27699999999999997,6.269,0.066,1.661,0.451,10.12,Brassicaceae
108320,128,0,0,255,0,1715.17,450.014,302.0,1.49,92.773,131159.0,1217.485,371.37199999999996,545.956,151.0,225.007,191.68099999999998,568.54,106739.036,0.6709999999999999,8.039,27.158,0.6809999999999999,0.825,0.826,0.71,22839.0,135904.362,0.797,0.6709999999999999,0.713,0.956,0.282,0.531,7.559,0.311,0.557,8.295,0.32,0.5660000000000001,8.548,0.304,0.2,5.428999999999999,0.043,1.3119999999999998,0.321,8.561,Brassicaceae
79051,130,0,0,235,0,1726.7020000000002,415.44800000000004,254.558,1.632,63.773999999999994,83236.0,1070.625,317.255,549.626,127.279,207.72400000000002,157.393,714.377,83060.398,0.613,5.888999999999999,37.716,0.583,0.764,0.95,0.62,4185.0,105755.78300000001,0.747,0.613,0.746,0.9590000000000001,0.37,0.608,8.205,0.439,0.6629999999999999,9.697000000000001,0.45899999999999996,0.6779999999999999,10.142999999999999,0.423,0.284,6.329,0.102,2.401,0.46,10.16,Brassicaceae
87290,122,0,0,250,0,1410.285,393.65,312.13,1.261,98.39200000000001,121680.5,1091.115,333.37800000000004,448.908,156.065,196.825,168.05,268.816,96501.76400000001,0.7929999999999999,10.25,22.785,0.7170000000000001,0.847,0.7170000000000001,0.774,34390.5,122869.86300000001,0.71,0.7929999999999999,0.746,0.9590000000000001,0.366,0.605,9.31,0.364,0.604,9.206,0.35,0.5920000000000001,8.836,0.36,0.098,3.2910000000000004,0.046,1.244,0.38,9.612,Brassicaceae
81271,211,0,0,242,0,1612.56,341.658,314.53700000000003,1.0859999999999999,79.737,85585.5,1034.275,321.67900000000003,513.294,157.268,170.829,160.69799999999998,20.546,84402.002,0.9209999999999999,35.452,31.996,0.8859999999999999,0.9420000000000001,0.95,0.6409999999999999,4314.5,107463.966,0.7559999999999999,0.9209999999999999,0.747,0.958,0.593,0.77,10.564,0.691,0.831,12.277999999999999,0.7170000000000001,0.847,12.747,0.667,0.431,7.6579999999999995,0.138,2.563,0.718,12.75,Brassicaceae
67744,138,0,0,242,0,1437.506,334.22900000000004,281.0,1.189,79.34100000000001,83309.0,954.4680000000001,293.691,457.57199999999995,140.5,167.114,146.511,80.072,73763.291,0.841,16.373,30.503,0.772,0.879,0.813,0.664,15565.0,93918.339,0.721,0.841,0.758,0.9590000000000001,0.48100000000000004,0.6940000000000001,9.769,0.5379999999999999,0.7340000000000001,10.907,0.551,0.743,11.165999999999999,0.524,0.32799999999999996,6.751,0.08199999999999999,1.805,0.5529999999999999,11.207,Brassicaceae
69097,321,0,0,249,0,1563.489,341.86699999999996,254.0,1.3459999999999999,90.412,97103.5,974.4780000000001,296.60900000000004,497.67400000000004,127.0,170.933,150.47,162.707,68199.422,0.743,11.796,35.378,0.753,0.868,0.7120000000000001,0.623,28006.5,86834.201,0.7959999999999999,0.743,0.752,0.9590000000000001,1.088,1.043,14.578,1.229,1.109,16.392,1.262,1.123,16.819000000000003,1.193,0.722,9.838,0.21,3.127,1.27,16.939,Brassicaceae
115638,44,0,0,236,0,1521.1729999999998,453.746,325.745,1.393,85.087,121290.5,1254.64,383.712,484.204,162.873,226.873,196.15900000000002,419.597,116086.064,0.718,9.576,20.01,0.715,0.846,0.953,0.825,5652.5,147805.36800000002,0.782,0.718,0.825,0.965,0.08900000000000001,0.298,4.112,0.10099999999999999,0.318,4.68,0.10300000000000001,0.321,4.776,0.098,0.061,2.847,0.017,0.862,0.10400000000000001,4.797,Brassicaceae
96076,185,0,0,246,0,1850.491,400.76199999999994,324.298,1.236,80.595,101471.5,1140.427,349.754,589.029,162.149,200.38099999999997,174.447,132.17,102075.354,0.809,15.174000000000001,35.641999999999996,0.762,0.873,0.9470000000000001,0.616,5395.5,129966.37800000001,0.7390000000000001,0.809,0.828,0.965,0.455,0.675,9.513,0.507,0.7120000000000001,10.565,0.52,0.721,10.831,0.494,0.309,6.547999999999999,0.07400000000000001,1.7519999999999998,0.521,10.857000000000001,Brassicaceae
85088,203,0,0,246,0,1753.555,346.598,323.0,1.073,84.09,91562.5,1057.972,329.14599999999996,558.174,161.5,173.299,165.27200000000002,11.380999999999998,87926.16699999999,0.932,48.989,36.139,0.902,0.95,0.929,0.603,6474.5,111951.073,0.76,0.932,0.825,0.965,0.5489999999999999,0.741,10.285,0.631,0.794,11.805,0.653,0.8079999999999999,12.207,0.611,0.386,7.232,0.115,2.263,0.653,12.212,Brassicaceae
63407,166,0,0,242,0,1573.405,401.214,234.308,1.712,53.662,67638.0,979.956,284.134,500.83,117.154,200.607,140.981,709.426,73833.533,0.584,5.292999999999999,39.043,0.502,0.708,0.937,0.623,4231.0,94007.773,0.674,0.584,0.8270000000000001,0.965,0.611,0.7809999999999999,10.889000000000001,0.691,0.831,12.289000000000001,0.711,0.843,12.640999999999998,0.6709999999999999,0.43,7.689,0.11199999999999999,2.187,0.711,12.654000000000002,Brassicaceae
60111,119,0,0,248,0,1335.0720000000001,346.602,221.405,1.565,59.75,65060.5,933.434,276.651,424.967,110.70200000000001,173.301,140.546,554.521,60270.920999999995,0.639,5.968,29.651999999999997,0.637,0.7979999999999999,0.924,0.6990000000000001,4949.5,76739.32,0.7829999999999999,0.639,0.825,0.965,0.517,0.7190000000000001,11.03,0.518,0.72,10.968,0.496,0.7040000000000001,10.501,0.511,0.135,3.773,0.066,1.4909999999999999,0.539,11.419,Brassicaceae
63679,45,0,0,238,0,1335.055,330.151,247.0,1.337,120.794,125288.0,937.03,284.743,424.961,123.5,165.076,142.905,188.90200000000002,64047.19,0.748,10.398,27.99,0.7440000000000001,0.862,0.508,0.7020000000000001,61609.0,81547.416,0.7809999999999999,0.748,0.8270000000000001,0.965,0.16399999999999998,0.405,5.59,0.19,0.436,6.477,0.195,0.441,6.626,0.183,0.115,3.935,0.035,1.3030000000000002,0.195,6.641,Brassicaceae
56560,91,0,0,236,0,1316.729,332.032,219.822,1.51,57.338,59810.0,891.711,268.355,419.12800000000004,109.911,166.016,138.825,268.934,57324.619000000006,0.662,8.465,30.654,0.653,0.8079999999999999,0.946,0.677,3250.0,72987.97200000001,0.775,0.662,0.835,0.9670000000000001,0.36700000000000005,0.606,8.269,0.429,0.655,9.639,0.446,0.6679999999999999,10.022,0.414,0.27,6.1160000000000005,0.091,2.147,0.447,10.052,Brassicaceae
102306,400,0,0,249,0,1606.251,454.401,289.0,1.5719999999999998,74.178,105891.5,1205.711,360.916,511.286,144.5,227.2,183.06900000000002,780.0110000000001,103139.903,0.636,6.555,25.219,0.631,0.794,0.966,0.7509999999999999,3585.5,131321.804,0.779,0.636,0.81,0.966,1.033,1.016,15.794,1.016,1.008,15.457,0.9590000000000001,0.9790000000000001,14.575,1.003,0.215,4.561,0.133,2.1069999999999998,1.06,16.143,Brassicaceae
114595,148,0,0,244,0,2045.361,472.48800000000006,326.312,1.4480000000000002,107.708,159878.0,1272.893,381.978,651.059,163.156,236.24400000000003,194.28400000000002,495.254,121091.479,0.691,8.73,36.507,0.654,0.8079999999999999,0.7170000000000001,0.622,45283.0,154178.459,0.743,0.691,0.758,0.9640000000000001,0.309,0.556,7.922000000000001,0.34,0.583,8.671,0.344,0.5870000000000001,8.779,0.331,0.191,5.11,0.046,1.335,0.348,8.873,Brassicaceae
88580,208,0,0,245,0,1791.111,372.539,312.842,1.1909999999999998,90.02799999999999,105366.0,1082.462,335.833,570.128,156.421,186.269,167.484,109.28299999999999,91534.92,0.84,16.021,36.217,0.813,0.9009999999999999,0.841,0.604,16786.0,116545.88,0.76,0.84,0.765,0.9640000000000001,0.541,0.735,10.18,0.623,0.789,11.700999999999999,0.642,0.8009999999999999,12.058,0.602,0.382,7.199,0.113,2.2840000000000003,0.643,12.068,Brassicaceae
76962,91,0,0,235,0,1395.481,355.542,288.41200000000003,1.2329999999999999,108.96799999999999,121713.5,1014.0260000000001,313.035,444.19599999999997,144.20600000000002,177.771,156.986,143.833,80536.652,0.8109999999999999,13.09,25.303,0.775,0.88,0.632,0.727,44751.5,102542.45,0.7509999999999999,0.8109999999999999,0.76,0.963,0.27399999999999997,0.524,7.231,0.315,0.561,8.294,0.321,0.5660000000000001,8.442,0.303,0.19,5.023,0.054000000000000006,1.524,0.322,8.465,Brassicaceae
69319,81,0,0,251,0,1482.168,383.43800000000005,239.41400000000002,1.6019999999999999,85.059,102462.5,998.813,297.085,471.789,119.70700000000001,191.71900000000002,148.313,613.5419999999999,72100.073,0.624,5.9879999999999995,31.691,0.6,0.775,0.677,0.674,33143.5,91800.664,0.755,0.624,0.759,0.963,0.271,0.521,7.178,0.312,0.5589999999999999,8.227,0.324,0.569,8.536,0.303,0.193,5.233,0.063,1.758,0.326,8.577,Brassicaceae
50122,85,0,0,239,0,1304.587,332.244,195.83700000000002,1.6969999999999998,162.724,169847.5,858.165,252.62099999999998,415.26300000000003,97.91799999999999,166.122,130.909,482.033,51102.42,0.589,5.962999999999999,33.955999999999996,0.578,0.76,0.295,0.6579999999999999,119725.5,65065.622,0.77,0.589,0.7559999999999999,0.9620000000000001,0.386,0.621,8.45,0.452,0.672,9.873,0.47,0.6859999999999999,10.27,0.436,0.28800000000000003,6.319,0.095,2.215,0.47,10.275,Brassicaceae
5626,15,0,0,247,0,359.973,112.05799999999999,70.223,1.5959999999999999,17.164,6042.5,290.319,84.63600000000001,114.583,35.111,56.028999999999996,43.894,54.015,6180.297,0.627,5.972,23.031999999999996,0.57,0.755,0.9309999999999999,0.807,416.5,7868.9980000000005,0.715,0.627,0.223,0.7809999999999999,0.7040000000000001,0.8390000000000001,12.857999999999999,0.698,0.836,12.697000000000001,0.6679999999999999,0.8170000000000001,12.138,0.69,0.163,3.992,0.084,1.5930000000000002,0.727,13.225,Plantaginaceae
9634,5,0,0,225,0,458.056,146.185,95.723,1.527,22.103,10151.0,378.218,110.75399999999999,145.804,47.861000000000004,73.092,56.361000000000004,77.867,10990.232,0.655,6.3870000000000005,21.779,0.574,0.758,0.9490000000000001,0.826,517.0,13993.198,0.688,0.655,0.27,0.846,0.12,0.34700000000000003,4.851,0.138,0.371,5.5329999999999995,0.142,0.377,5.7010000000000005,0.134,0.084,3.4160000000000004,0.024,1.1520000000000001,0.14300000000000002,5.7170000000000005,Plantaginaceae
7441,8,0,0,231,0,425.227,136.029,77.767,1.749,19.116,8169.0,344.555,97.335,135.35399999999998,38.883,68.015,49.92100000000001,117.581,8308.391,0.5720000000000001,4.604,24.3,0.512,0.716,0.9109999999999999,0.81,728.0,10578.572,0.703,0.5720000000000001,0.24600000000000002,0.8079999999999999,0.275,0.524,7.165,0.32,0.5660000000000001,8.334,0.332,0.5760000000000001,8.641,0.309,0.201,5.24,0.065,1.746,0.332,8.641,Plantaginaceae
6414,52,0,0,252,0,385.286,114.39,70.465,1.6230000000000002,19.12,6871.0,313.445,90.369,122.64,35.233000000000004,57.195,46.993,67.117,6330.678000000001,0.616,5.736000000000001,23.144000000000002,0.624,0.79,0.9329999999999999,0.8140000000000001,457.0,8060.47,0.7959999999999999,0.616,0.228,0.7929999999999999,2.106,1.4509999999999998,21.803,2.099,1.449,21.636,2.082,1.443,21.445999999999998,2.096,0.648,9.948,0.19899999999999998,2.392,2.185,22.519000000000002,Plantaginaceae
6058,3,0,0,226,0,353.588,111.973,77.0,1.454,18.304000000000002,6439.0,296.99,87.825,112.551,38.5,55.986999999999995,45.01,49.17,6771.654,0.688,6.419,20.638,0.615,0.784,0.941,0.84,381.0,8621.937,0.703,0.688,0.231,0.804,0.125,0.354,4.871,0.146,0.382,5.689,0.149,0.386,5.807,0.14,0.087,3.391,0.026000000000000002,1.051,0.149,5.807,Plantaginaceae
7970,111,0,0,252,0,537.193,127.941,86.45100000000001,1.48,21.961,8827.0,352.707,100.736,170.99400000000003,43.226000000000006,63.971000000000004,50.964,94.234,8687.045,0.6759999999999999,5.25,36.208,0.62,0.787,0.903,0.657,857.0,11060.688999999998,0.721,0.6759999999999999,0.24100000000000002,0.8140000000000001,3.545,1.883,27.656,3.6069999999999998,1.899,28.055999999999997,3.638,1.9069999999999998,28.281999999999996,3.597,1.858,17.153,0.322,2.944,3.735,29.05,Plantaginaceae
5261,28,0,0,252,0,410.441,108.24,64.0,1.6909999999999998,16.634,5656.5,285.323,81.844,130.64700000000002,32.0,54.12,41.97,63.373999999999995,5440.76,0.591,5.272,32.021,0.5720000000000001,0.7559999999999999,0.93,0.695,395.5,6927.39,0.759,0.591,0.223,0.787,1.329,1.153,16.55,1.413,1.189,17.543,1.444,1.202,17.926,1.396,0.8490000000000001,11.04,0.153,2.106,1.456,18.074,Plantaginaceae
7980,4,0,0,225,0,391.42800000000005,113.21700000000001,91.0,1.244,23.572,8384.0,329.287,100.79899999999999,124.596,45.5,56.608000000000004,50.458999999999996,19.734,8091.73,0.804,11.359000000000002,19.2,0.7929999999999999,0.89,0.9520000000000001,0.841,404.0,10302.711,0.775,0.804,0.317,0.873,0.127,0.35600000000000004,5.079,0.136,0.369,5.437,0.136,0.369,5.449,0.133,0.065,2.838,0.017,0.741,0.139,5.571000000000001,Plantaginaceae
7907,12,0,0,227,0,437.37,116.81200000000001,92.385,1.264,22.853,8386.5,329.135,100.337,139.219,46.192,58.406000000000006,50.882,18.903,8475.714,0.7909999999999999,11.703,24.193,0.738,0.8590000000000001,0.943,0.753,479.5,10791.615,0.733,0.7909999999999999,0.33,0.8759999999999999,0.377,0.614,8.66,0.414,0.644,9.514,0.41700000000000004,0.6459999999999999,9.565,0.40299999999999997,0.22699999999999998,5.3870000000000005,0.052000000000000005,1.338,0.42200000000000004,9.68,Plantaginaceae
6069,6,0,0,239,0,389.186,117.78399999999999,74.0,1.5919999999999999,18.762999999999998,6943.0,303.827,87.905,123.882,37.0,58.891999999999996,44.488,61.133,6845.526,0.628,5.69,24.956999999999997,0.557,0.746,0.8740000000000001,0.7809999999999999,874.0,8715.994,0.696,0.628,0.32,0.882,0.259,0.509,7.136,0.293,0.541,8.068999999999999,0.302,0.5489999999999999,8.318999999999999,0.285,0.18100000000000002,4.976,0.047,1.339,0.302,8.318999999999999,Plantaginaceae
10285,19,0,0,249,0,535.193,129.375,106.805,1.2109999999999999,31.048000000000002,12619.5,380.32,114.435,170.357,53.403,64.688,57.593999999999994,32.455999999999996,10852.593,0.826,10.11,27.849,0.782,0.885,0.815,0.711,2334.5,13817.951000000001,0.7440000000000001,0.826,0.36200000000000004,0.88,0.45299999999999996,0.6729999999999999,9.611,0.486,0.6970000000000001,10.277000000000001,0.496,0.705,10.502,0.478,0.295,6.571000000000001,0.055,1.35,0.499,10.555,Plantaginaceae
8237,4,0,0,220,0,401.186,119.541,89.024,1.3430000000000002,27.56,10350.0,335.88800000000003,102.40899999999999,127.70100000000001,44.512,59.77,51.286,33.811,8358.213,0.745,8.82,19.54,0.7340000000000001,0.857,0.7959999999999999,0.8370000000000001,2113.0,10642.007,0.774,0.745,0.317,0.865,0.121,0.348,4.916,0.131,0.36200000000000004,5.321000000000001,0.134,0.366,5.43,0.129,0.095,3.977,0.016,0.7070000000000001,0.134,5.45,Plantaginaceae
3654,10,0,0,255,0,321.404,110.291,42.0,2.6260000000000003,12.48,4324.0,259.72900000000004,68.209,102.306,21.0,55.145,39.183,124.92399999999999,3638.123,0.381,3.5060000000000002,28.271,0.382,0.618,0.845,0.8079999999999999,670.0,4632.202,0.789,0.381,0.275,0.851,0.7559999999999999,0.8690000000000001,13.26,0.765,0.8740000000000001,13.354000000000001,0.769,0.877,13.422,0.763,0.423,8.751,0.054000000000000006,1.21,0.787,13.735999999999999,Plantaginaceae
6456,9,0,0,227,0,404.35699999999997,129.07399999999998,75.758,1.704,20.445,8290.5,321.421,90.664,128.711,37.879,64.53699999999999,47.443999999999996,83.23,7679.901999999999,0.5870000000000001,5.2,25.326,0.493,0.7020000000000001,0.779,0.795,1834.5,9778.354,0.66,0.5870000000000001,0.33,0.878,0.33799999999999997,0.581,8.19,0.37,0.608,8.963,0.38,0.616,9.207,0.363,0.239,5.7989999999999995,0.047,1.2819999999999998,0.38,9.207,Plantaginaceae
3973,20,0,0,248,0,298.91900000000004,110.041,47.0,2.3409999999999997,12.398,4286.0,261.59,71.124,95.149,23.5,55.02,37.842,120.10799999999999,4062.018,0.42700000000000005,3.4530000000000003,22.49,0.418,0.6459999999999999,0.927,0.875,313.0,5171.9220000000005,0.768,0.42700000000000005,0.33399999999999996,0.894,1.412,1.188,18.596,1.367,1.169,17.935,1.2790000000000001,1.131,16.774,1.3530000000000002,0.22,4.064,0.204,2.761,1.446,18.96,Plantaginaceae
3566,24,0,0,248,0,294.635,111.01799999999999,41.0,2.708,11.151,3889.0,259.23900000000003,67.382,93.785,20.5,55.50899999999999,39.733000000000004,125.244,3574.927,0.369,3.55,24.344,0.368,0.607,0.917,0.88,323.0,4551.7390000000005,0.7829999999999999,0.369,0.319,0.8809999999999999,1.867,1.3659999999999999,21.462,1.7990000000000002,1.341,20.624000000000002,1.7,1.304,19.479,1.7890000000000001,0.228,3.648,0.223,2.6860000000000004,1.893,21.695,Plantaginaceae
3221,47,0,0,249,0,286.492,110.223,36.0,3.062,12.375,4285.0,254.18200000000002,64.04,91.193,18.0,55.111000000000004,38.513000000000005,132.204,3116.468,0.327,3.35,25.482,0.33799999999999997,0.581,0.752,0.887,1064.0,3968.01,0.812,0.327,0.307,0.863,3.9989999999999997,2.0,31.535,3.78,1.944,29.820999999999998,3.509,1.8730000000000002,27.679000000000002,3.762,0.371,3.1069999999999998,0.49200000000000005,3.948,3.9989999999999997,31.535,Plantaginaceae
4400,33,0,0,245,0,319.262,113.88600000000001,51.229,2.2230000000000003,16.917,6052.5,272.83799999999997,74.848,101.624,25.614,56.943000000000005,38.725,130.282,4582.209,0.45,3.3930000000000002,23.166,0.43200000000000005,0.657,0.727,0.855,1652.5,5834.25,0.754,0.45,0.317,0.8590000000000001,2.101,1.45,22.851999999999997,1.964,1.401,21.346,1.841,1.357,20.000999999999998,1.969,0.21,3.29,0.287,3.17,2.114,22.965,Plantaginaceae
5201,21,0,0,247,0,335.30400000000003,111.4,63.01,1.768,17.267,6043.0,285.685,81.376,106.73,31.505,55.7,41.492,73.782,5512.934,0.5660000000000001,4.831,21.616999999999997,0.534,0.73,0.861,0.852,842.0,7019.286,0.741,0.5660000000000001,0.355,0.8909999999999999,1.063,1.031,15.4,1.0859999999999999,1.042,15.640999999999998,1.083,1.041,15.599,1.077,0.365,6.886,0.105,1.8159999999999998,1.122,16.164,Plantaginaceae
5629,33,0,0,254,0,401.42800000000005,112.361,74.568,1.507,23.641,8345.0,300.246,84.65899999999999,127.779,37.284,56.181000000000004,43.132,62.516000000000005,6580.471,0.664,5.455,28.628,0.568,0.753,0.675,0.748,2716.0,8378.516,0.672,0.664,0.37200000000000005,0.8909999999999999,1.49,1.2209999999999999,18.183,1.561,1.249,18.972,1.548,1.244,18.815,1.5330000000000001,0.522,7.361000000000001,0.121,2.008,1.577,19.158,Plantaginaceae
5343,35,0,0,239,0,420.29900000000004,109.59,69.0,1.588,17.33,5966.5,287.87,82.48,133.785,34.5,54.795,42.477,58.038000000000004,5938.960999999999,0.63,5.5760000000000005,33.062,0.5660000000000001,0.753,0.895,0.685,623.5,7561.72,0.7070000000000001,0.63,0.353,0.884,1.608,1.268,18.155,1.7109999999999999,1.308,19.236,1.74,1.319,19.569000000000003,1.686,1.045,12.687999999999999,0.214,2.71,1.77,19.905,Plantaginaceae
4367,5,0,0,221,0,377.42800000000005,120.354,50.946999999999996,2.362,13.42,5074.0,282.324,74.567,120.139,25.473000000000003,60.177,38.563,154.63,4815.782,0.423,3.1010000000000004,32.62,0.384,0.62,0.861,0.748,707.0,6131.645,0.7120000000000001,0.423,0.40399999999999997,0.898,0.303,0.55,7.57,0.35100000000000003,0.593,8.777999999999999,0.36,0.6,8.986,0.33799999999999997,0.213,5.307,0.063,1.7409999999999999,0.36,8.986,Plantaginaceae
9125,11,0,0,228,0,448.985,117.346,107.0,1.097,38.955,14361.0,350.785,107.788,142.916,53.5,58.673,54.081,8.517000000000001,9861.447,0.912,18.531,22.092,0.8440000000000001,0.919,0.635,0.7809999999999999,5236.0,12555.983999999999,0.727,0.912,0.40700000000000003,0.895,0.306,0.5529999999999999,7.818,0.33399999999999996,0.578,8.513,0.335,0.579,8.56,0.325,0.19,4.9430000000000005,0.036000000000000004,1.121,0.337,8.597000000000001,Plantaginaceae
9087,10,0,0,239,0,475.16900000000004,145.64700000000002,89.434,1.629,28.319000000000003,12957.5,366.23699999999997,107.564,151.251,44.717,72.82300000000001,54.301,87.319,10230.382,0.614,5.811,24.846999999999998,0.545,0.7390000000000001,0.701,0.7709999999999999,3870.5,13025.726,0.698,0.614,0.433,0.909,0.268,0.517,7.394,0.289,0.537,7.957999999999999,0.29600000000000004,0.544,8.149,0.284,0.16,4.691,0.040999999999999995,1.2009999999999998,0.3,8.273,Plantaginaceae
9756,20,0,0,248,0,510.666,130.3,102.0,1.2770000000000001,37.367,15296.0,367.51,111.45299999999999,162.55,51.0,65.15,55.803999999999995,29.074,10438.385,0.7829999999999999,10.349,26.73,0.732,0.855,0.638,0.72,5540.0,13290.565,0.7340000000000001,0.7829999999999999,0.359,0.894,0.493,0.7020000000000001,9.762,0.5589999999999999,0.748,11.050999999999998,0.5760000000000001,0.759,11.370999999999999,0.5429999999999999,0.34700000000000003,6.857,0.09300000000000001,2.055,0.5760000000000001,11.375,Plantaginaceae
7790,13,0,0,248,0,470.34,146.014,78.546,1.859,25.008000000000003,11471.5,357.279,99.59200000000001,149.714,39.273,73.007,50.648,142.088,9007.608,0.5379999999999999,4.249,28.398000000000003,0.465,0.682,0.679,0.76,3681.5,11468.843,0.679,0.5379999999999999,0.389,0.9,0.426,0.653,9.464,0.461,0.679,10.189,0.46399999999999997,0.6809999999999999,10.237,0.451,0.20199999999999999,5.013999999999999,0.064,1.5930000000000002,0.474,10.472999999999999,Plantaginaceae
5252,17,0,0,244,0,384.458,146.997,49.501999999999995,2.97,17.37,8021.5,329.096,81.774,122.37700000000001,24.750999999999998,73.498,43.868,249.843,5715.036999999999,0.337,2.775,28.143,0.309,0.556,0.655,0.856,2769.5,7276.611,0.722,0.337,0.434,0.9059999999999999,0.847,0.92,13.795,0.857,0.9259999999999999,13.892000000000001,0.8540000000000001,0.924,13.835999999999999,0.853,0.35100000000000003,6.808,0.11900000000000001,1.999,0.907,14.699000000000002,Plantaginaceae
6971,14,0,0,230,0,431.227,133.15,74.28,1.7930000000000001,18.38,7688.5,332.19,94.211,137.264,37.14,66.575,49.542,108.428,7767.943,0.5579999999999999,4.758,26.676,0.501,0.708,0.907,0.77,717.5,9890.453000000001,0.705,0.5579999999999999,0.4,0.9059999999999999,0.491,0.701,9.687000000000001,0.56,0.748,11.017999999999999,0.568,0.754,11.179,0.54,0.326,6.526,0.092,2.009,0.5720000000000001,11.24,Plantaginaceae
9291,24,0,0,247,0,470.48199999999997,121.083,107.404,1.127,26.269000000000002,9992.5,354.69699999999995,108.764,149.759,53.702,60.541000000000004,54.458,9.221,10213.881,0.887,17.934,23.825,0.807,0.898,0.93,0.754,701.5,13004.716999999999,0.7140000000000001,0.887,0.41,0.905,0.642,0.8009999999999999,11.513,0.7020000000000001,0.838,12.559000000000001,0.7090000000000001,0.8420000000000001,12.695,0.684,0.431,7.9239999999999995,0.081,1.7480000000000002,0.713,12.767999999999999,Plantaginaceae
7875,20,0,0,244,0,430.399,114.495,91.929,1.245,23.89,8593.0,329.44300000000004,100.134,137.0,45.964,57.247,49.79600000000001,23.154,8266.578000000001,0.8029999999999999,10.347999999999999,23.523000000000003,0.765,0.875,0.9159999999999999,0.765,718.0,10525.333999999999,0.748,0.8029999999999999,0.409,0.904,0.615,0.784,11.2,0.677,0.823,12.261,0.684,0.8270000000000001,12.386,0.659,0.342,6.898,0.099,1.983,0.695,12.588,Plantaginaceae
3971,44,0,0,250,0,308.57599999999996,111.288,45.0,2.4730000000000003,15.042,5259.0,262.246,71.10600000000001,98.223,22.5,55.644,40.900999999999996,106.665,3933.24,0.40399999999999997,3.96,23.979,0.408,0.639,0.755,0.85,1288.0,5007.956,0.7929999999999999,0.40399999999999997,0.379,0.887,3.071,1.7519999999999998,27.531999999999996,2.8760000000000003,1.696,25.76,2.725,1.651,24.397,2.89,0.504,7.816,0.408,3.721,3.0989999999999998,27.752,Plantaginaceae
4817,4,0,0,225,0,339.83099999999996,108.559,59.565,1.8230000000000002,20.305,6925.0,274.573,78.315,108.171,29.783,54.278999999999996,40.277,72.883,5078.644,0.5489999999999999,4.718,23.974,0.52,0.721,0.696,0.8079999999999999,2108.0,6466.331,0.745,0.5489999999999999,0.413,0.898,0.235,0.485,6.659,0.268,0.517,7.582000000000001,0.27699999999999997,0.526,7.851,0.26,0.16899999999999998,4.7989999999999995,0.048,1.402,0.27699999999999997,7.851,Plantaginaceae
5683,3,0,0,226,0,403.42800000000005,112.947,69.161,1.633,18.612000000000002,6604.0,299.992,85.064,128.415,34.58,56.473,43.465,60.003,6135.133000000001,0.612,5.611000000000001,28.639,0.5670000000000001,0.753,0.861,0.7440000000000001,921.0,7811.494000000001,0.728,0.612,0.415,0.897,0.133,0.365,5.015,0.156,0.395,5.8870000000000005,0.162,0.402,6.109,0.15,0.09699999999999999,3.661,0.032,1.213,0.162,6.1160000000000005,Plantaginaceae
8197,141,0,0,253,0,588.122,133.989,91.55,1.464,22.000999999999998,9261.0,356.635,102.16,187.205,45.775,66.994,52.132,76.958,9634.19,0.6829999999999999,5.943,42.196999999999996,0.581,0.762,0.885,0.606,1064.0,12266.632,0.6679999999999999,0.6829999999999999,0.409,0.9059999999999999,4.3069999999999995,2.075,30.391,4.475,2.115,31.378,4.503,2.122,31.561999999999998,4.428,1.7369999999999999,15.470999999999998,0.48,4.071000000000001,4.624,32.426,Plantaginaceae
6650,3,0,0,248,0,393.87199999999996,144.917,62.681000000000004,2.312,23.291999999999998,10604.0,339.971,92.01700000000001,125.37299999999999,31.340999999999998,72.459,46.841,199.39700000000002,7134.222,0.433,3.3169999999999997,23.329,0.40299999999999997,0.635,0.627,0.863,3954.0,9083.574,0.732,0.433,0.59,0.917,0.126,0.355,5.24,0.135,0.36700000000000005,5.502000000000001,0.13699999999999998,0.371,5.607,0.133,0.043,2.362,0.026000000000000002,1.202,0.14400000000000002,5.8629999999999995,Plantaginaceae
5158,3,0,0,218,0,366.215,112.579,64.811,1.7369999999999999,22.074,7807.0,288.461,81.039,116.57,32.406,56.288999999999994,41.479,91.369,5730.552,0.5760000000000001,4.3389999999999995,26.000999999999998,0.518,0.72,0.6609999999999999,0.7879999999999999,2649.0,7296.365,0.7070000000000001,0.5760000000000001,0.406,0.9,0.146,0.382,5.26,0.16699999999999998,0.408,5.987,0.16899999999999998,0.41100000000000003,6.072,0.161,0.102,3.648,0.027000000000000003,1.012,0.16899999999999998,6.072,Plantaginaceae
5868,36,0,0,240,0,428.19800000000004,110.277,73.91199999999999,1.492,21.669,7507.0,298.471,86.43700000000001,136.3,36.955999999999996,55.138000000000005,43.155,50.993,6401.594,0.67,6.042999999999999,31.246,0.614,0.784,0.782,0.6970000000000001,1639.0,8150.762,0.72,0.67,0.405,0.903,1.499,1.225,17.523,1.6030000000000002,1.266,18.688,1.636,1.2790000000000001,19.070999999999998,1.58,0.9259999999999999,11.415999999999999,0.2,2.6,1.659,19.331,Plantaginaceae
5080,107,0,0,254,0,402.399,109.385,64.0,1.709,26.765,9197.5,286.416,80.42399999999999,128.088,32.0,54.692,41.318999999999996,72.277,5498.272,0.585,4.86,31.875,0.541,0.735,0.552,0.7120000000000001,4117.5,7000.616999999999,0.726,0.585,0.41100000000000003,0.893,5.483,2.342,34.972,5.42,2.3280000000000003,34.455999999999996,5.421,2.3280000000000003,34.453,5.441,2.545,21.499000000000002,0.499,3.5460000000000003,5.682,36.123000000000005,Plantaginaceae
6404,50,0,0,243,0,468.24,113.00399999999999,76.317,1.4809999999999999,20.339000000000002,7220.5,306.58799999999997,90.29899999999999,149.045,38.158,56.501999999999995,45.114,50.059,6773.387,0.675,6.376,34.236,0.639,0.799,0.887,0.655,816.5,8624.144,0.743,0.675,0.419,0.9109999999999999,1.893,1.376,19.565,2.039,1.4280000000000002,20.987,2.079,1.442,21.398000000000003,2.004,1.077,12.116,0.264,3.113,2.105,21.666999999999998,Plantaginaceae
7585,11,0,0,225,0,418.25699999999995,144.267,71.002,2.032,34.241,15519.0,348.36,98.273,133.135,35.501,72.134,48.403999999999996,170.791,8044.99,0.49200000000000005,3.7039999999999997,23.064,0.46399999999999997,0.6809999999999999,0.489,0.833,7934.0,10243.2,0.74,0.49200000000000005,0.375,0.905,0.35700000000000004,0.598,8.353,0.39299999999999996,0.627,9.151,0.409,0.639,9.515,0.386,0.24600000000000002,5.92,0.067,1.714,0.413,9.605,Plantaginaceae
7816,154,0,0,255,0,495.855,131.484,80.35,1.636,31.074,12835.5,342.415,99.758,157.836,40.175,65.742,49.626999999999995,105.125,8297.488000000001,0.611,4.84,31.458000000000002,0.5760000000000001,0.759,0.609,0.691,5019.5,10564.688999999998,0.74,0.611,0.376,0.903,5.026,2.242,33.272,5.065,2.251,33.437,5.079,2.254,33.508,5.0569999999999995,2.455,19.924,0.358,2.928,5.212999999999999,34.405,Plantaginaceae
5106,50,0,0,248,0,428.056,126.12700000000001,61.0,2.068,29.439,11665.0,297.74,80.63,136.254,30.5,63.063,44.585,128.486,6042.651,0.484,3.9330000000000003,35.885999999999996,0.409,0.639,0.43799999999999994,0.696,6559.0,7693.741999999999,0.664,0.484,0.384,0.914,2.509,1.584,23.351999999999997,2.5469999999999997,1.5959999999999999,23.593000000000004,2.5580000000000003,1.599,23.68,2.5380000000000003,1.327,14.259,0.252,2.738,2.65,24.563000000000002,Plantaginaceae
7108,128,0,0,254,0,513.394,137.306,74.057,1.854,32.914,14198.0,340.852,95.132,163.418,37.028,68.653,48.486999999999995,127.902,7986.293000000001,0.539,4.287,37.080999999999996,0.48,0.693,0.501,0.664,7090.0,10168.464,0.6990000000000001,0.539,0.304,0.866,4.605,2.146,31.873,4.643,2.155,32.006,4.678999999999999,2.1630000000000003,32.242,4.6419999999999995,2.15,19.323,0.39399999999999996,3.25,4.816,33.195,Plantaginaceae
156754,51,0,0,254,0,1676.3339999999998,479.851,431.0,1.113,106.177,160061.0,1432.626,446.75,533.594,215.5,239.926,224.42700000000002,109.819,162432.741,0.898,21.416,17.927,0.867,0.9309999999999999,0.9790000000000001,0.855,3307.0,206815.789,0.758,0.898,0.402,0.9520000000000001,0.08,0.28300000000000003,4.23,0.087,0.295,4.523,0.087,0.295,4.5169999999999995,0.085,0.037000000000000005,2.21,0.012,0.7829999999999999,0.09,4.658,Solanaceae
125362,142,0,0,246,0,1895.846,442.51199999999994,375.681,1.178,92.616,128754.0,1289.187,399.52,603.467,187.84,221.25599999999997,200.275,182.965,130567.256,0.8490000000000001,14.806,28.671,0.815,0.903,0.9740000000000001,0.68,3392.0,166243.394,0.754,0.8490000000000001,0.405,0.953,0.253,0.503,6.907,0.303,0.551,8.235,0.317,0.563,8.607999999999999,0.29100000000000004,0.183,4.987,0.069,1.98,0.318,8.622,Solanaceae
60396,50,0,0,230,0,1267.492,433.038,178.0,2.4330000000000003,45.756,62247.5,1020.3580000000001,277.306,403.455,89.0,216.519,155.214,1826.5770000000002,60539.105,0.41100000000000003,3.6319999999999997,26.6,0.41,0.64,0.97,0.805,1851.5,77080.783,0.784,0.41100000000000003,0.414,0.9359999999999999,0.18600000000000003,0.431,5.867999999999999,0.225,0.474,7.077000000000001,0.233,0.483,7.343,0.215,0.13699999999999998,4.298,0.052000000000000005,1.733,0.233,7.346,Solanaceae
115869,165,0,0,251,0,1893.094,445.647,358.527,1.2429999999999999,85.896,120258.0,1250.482,384.095,602.59,179.263,222.82299999999998,191.488,264.45799999999997,125487.994,0.805,11.775,30.93,0.743,0.862,0.9640000000000001,0.6609999999999999,4389.0,159776.27599999998,0.725,0.805,0.405,0.9520000000000001,0.36,0.6,9.148,0.371,0.609,9.325,0.368,0.607,9.236,0.36700000000000005,0.10300000000000001,3.555,0.05,1.5019999999999998,0.38799999999999996,9.732999999999999,Solanaceae
130036,248,0,0,252,0,2154.054,453.971,364.0,1.247,94.061,134149.0,1327.111,406.899,685.6569999999999,182.0,226.986,202.923,266.036,129783.57199999999,0.802,12.440999999999999,35.681999999999995,0.8029999999999999,0.8959999999999999,0.9690000000000001,0.616,4113.0,165245.577,0.787,0.802,0.405,0.953,0.431,0.6559999999999999,9.089,0.509,0.7140000000000001,10.687000000000001,0.529,0.727,11.097000000000001,0.49,0.307,6.519,0.10800000000000001,2.459,0.53,11.112,Solanaceae
112417,2,0,0,221,0,1386.095,434.836,315.712,1.3769999999999998,83.875,114580.0,1229.623,378.33,441.208,157.856,217.418,190.826,475.11800000000005,107821.739,0.726,8.755,17.09,0.757,0.87,0.981,0.887,2163.0,137282.90099999998,0.8190000000000001,0.726,0.491,0.971,0.005,0.07,0.95,0.006,0.077,1.147,0.006,0.079,1.2,0.006,0.004,0.703,0.001,0.285,0.006,1.2,Solanaceae
124447,4,0,0,222,0,1458.386,437.439,369.0,1.185,98.071,134775.0,1272.142,398.059,464.219,184.5,218.72,198.838,127.525,126775.07800000001,0.8440000000000001,17.608,17.090999999999998,0.828,0.91,0.9229999999999999,0.872,10328.0,161415.042,0.7709999999999999,0.8440000000000001,0.516,0.971,0.006999999999999999,0.085,1.145,0.009000000000000001,0.095,1.4380000000000002,0.009000000000000001,0.096,1.443,0.009000000000000001,0.005,0.8059999999999999,0.002,0.35,0.009000000000000001,1.4569999999999999,Solanaceae
46285,4,0,0,204,0,1153.685,431.845,140.0,3.085,36.06,48921.5,979.821,242.75900000000001,367.22900000000004,70.0,215.922,141.986,2451.888,47483.825,0.324,2.867,28.756,0.316,0.562,0.946,0.8490000000000001,2636.5,60458.282999999996,0.7659999999999999,0.324,0.41200000000000003,0.9590000000000001,0.021,0.14400000000000002,1.815,0.027999999999999997,0.166,2.421,0.03,0.17300000000000001,2.6189999999999998,0.026000000000000002,0.018000000000000002,1.5659999999999998,0.01,0.8909999999999999,0.03,2.6189999999999998,Solanaceae
121752,51,0,0,223,0,1700.41,433.88699999999994,358.70599999999996,1.21,104.23299999999999,142080.0,1274.701,393.725,541.257,179.35299999999998,216.94400000000002,198.144,124.882,122237.844,0.8270000000000001,17.730999999999998,23.748,0.823,0.907,0.857,0.75,20328.0,155638.057,0.782,0.8270000000000001,0.51,0.971,0.08800000000000001,0.29600000000000004,3.8480000000000003,0.114,0.33799999999999997,4.9719999999999995,0.121,0.348,5.268,0.10800000000000001,0.071,3.109,0.036000000000000004,1.631,0.121,5.268,Solanaceae
151149,125,0,0,245,0,2060.532,484.869,408.17400000000004,1.188,102.758,156528.0,1417.713,438.69,655.888,204.08700000000002,242.435,220.22099999999998,178.592,155438.816,0.8420000000000001,16.479,28.09,0.8190000000000001,0.905,0.966,0.688,5379.0,197910.848,0.764,0.8420000000000001,0.544,0.97,0.188,0.434,6.028,0.222,0.47100000000000003,7.064,0.22899999999999998,0.478,7.2860000000000005,0.213,0.135,4.322,0.045,1.581,0.22899999999999998,7.297999999999999,Solanaceae
130243,9,0,0,240,0,1550.8120000000001,454.75699999999995,377.135,1.206,96.766,138246.0,1321.975,407.223,493.639,188.567,227.37900000000002,203.63299999999998,314.47,134699.545,0.8290000000000001,11.482999999999999,18.465999999999998,0.802,0.895,0.9420000000000001,0.852,8003.0,171504.78699999998,0.759,0.8290000000000001,0.5770000000000001,0.973,0.017,0.13,1.774,0.02,0.142,2.101,0.021,0.146,2.214,0.019,0.012,1.2690000000000001,0.005,0.5429999999999999,0.021,2.225,Solanaceae
138559,30,0,0,251,0,1628.771,457.81300000000005,406.99300000000005,1.125,128.57399999999998,184923.0,1352.661,420.022,518.4540000000001,203.49599999999998,228.907,210.204,101.734,146340.696,0.889,20.840999999999998,19.146,0.8420000000000001,0.917,0.7490000000000001,0.83,46364.0,186326.76100000003,0.7440000000000001,0.889,0.575,0.973,0.052000000000000005,0.22899999999999998,3.39,0.057999999999999996,0.24100000000000002,3.7289999999999996,0.055999999999999994,0.237,3.5989999999999998,0.055999999999999994,0.022000000000000002,1.5290000000000001,0.01,0.715,0.059000000000000004,3.7960000000000003,Solanaceae
152689,107,0,0,242,0,1820.719,496.37199999999996,408.99199999999996,1.214,103.68299999999999,161683.5,1426.309,440.91900000000004,579.553,204.49599999999998,248.18599999999998,220.52,212.40200000000002,159445.409,0.8240000000000001,15.130999999999998,21.711,0.789,0.888,0.9440000000000001,0.7829999999999999,8994.5,203012.2,0.752,0.8240000000000001,0.574,0.9740000000000001,0.157,0.397,5.471,0.18899999999999997,0.434,6.5120000000000005,0.19399999999999998,0.44,6.697,0.18,0.109,3.799,0.040999999999999995,1.5330000000000001,0.195,6.724,Solanaceae
137757,223,0,0,254,0,2070.331,469.282,388.0,1.209,97.87700000000001,144300.0,1361.067,418.805,659.007,194.0,234.641,210.60299999999998,251.457,143006.541,0.8270000000000001,13.280999999999999,31.115,0.7959999999999999,0.892,0.955,0.657,6543.0,182081.583,0.757,0.8270000000000001,0.578,0.9740000000000001,0.36700000000000005,0.606,8.425,0.431,0.657,9.844,0.44799999999999995,0.67,10.24,0.41600000000000004,0.265,6.136,0.08900000000000001,2.213,0.449,10.252,Solanaceae
131390,590,0,0,255,0,2052.189,461.686,361.0,1.2790000000000001,147.612,214101.5,1325.158,409.01199999999994,653.232,180.5,230.843,206.72299999999998,221.075,130901.26,0.782,13.902999999999999,32.053000000000004,0.785,0.8859999999999999,0.614,0.6459999999999999,82711.5,166668.661,0.7879999999999999,0.782,0.583,0.975,1.1,1.0490000000000002,15.677,1.173,1.083,16.559,1.179,1.0859999999999999,16.627,1.151,0.49700000000000005,8.213,0.146,2.6010000000000004,1.208,17.049,Solanaceae
127060,317,0,0,246,0,2092.13,456.991,377.0,1.212,92.791,133218.5,1320.18,402.216,665.946,188.5,228.49599999999998,201.46599999999998,216.864,135312.87300000002,0.825,13.681,34.448,0.775,0.88,0.9540000000000001,0.631,6158.5,172285.7,0.737,0.825,0.57,0.9740000000000001,0.555,0.745,10.2,0.667,0.8170000000000001,12.209000000000001,0.6970000000000001,0.835,12.748,0.64,0.405,7.425,0.154,2.9960000000000004,0.698,12.759,Solanaceae
153692,296,0,0,248,0,2344.179,487.37,420.843,1.158,104.594,160145.5,1439.7279999999998,442.365,746.175,210.422,243.685,220.408,250.322,161090.343,0.863,13.931,35.754,0.8240000000000001,0.9079999999999999,0.96,0.614,6453.5,205106.595,0.7490000000000001,0.863,0.519,0.973,0.435,0.659,9.127,0.514,0.7170000000000001,10.720999999999998,0.535,0.731,11.15,0.494,0.322,6.767,0.11,2.5540000000000003,0.536,11.167,Solanaceae
145999,108,0,0,250,0,1900.785,465.18800000000005,424.0,1.097,179.11599999999999,261765.5,1395.4289999999999,431.152,605.039,212.0,232.59400000000002,215.968,80.366,154911.75199999998,0.9109999999999999,24.090999999999998,24.747,0.8590000000000001,0.927,0.5579999999999999,0.7340000000000001,115766.5,197239.76899999997,0.74,0.9109999999999999,0.532,0.9740000000000001,0.172,0.415,5.903,0.19699999999999998,0.444,6.694,0.201,0.449,6.822,0.19,0.09699999999999999,3.5810000000000004,0.040999999999999995,1.486,0.205,6.9670000000000005,Solanaceae
124525,47,0,0,225,0,1810.861,481.25300000000004,348.398,1.381,133.534,201889.5,1312.013,398.184,576.415,174.199,240.62599999999998,199.15599999999998,631.123,131685.82,0.7240000000000001,7.9270000000000005,26.334,0.685,0.8270000000000001,0.617,0.725,77364.5,167667.593,0.743,0.7240000000000001,0.5720000000000001,0.975,0.085,0.29100000000000004,3.927,0.10300000000000001,0.321,4.777,0.107,0.32799999999999996,4.978,0.098,0.063,2.917,0.025,1.212,0.107,4.98,Solanaceae
138736,158,0,0,243,0,2073.486,475.034,378.74699999999996,1.254,157.362,234841.5,1364.03,420.291,660.0110000000001,189.37400000000002,237.517,211.15200000000002,261.678,141307.054,0.797,13.052999999999999,30.989,0.7829999999999999,0.885,0.591,0.6579999999999999,96105.5,179917.729,0.7709999999999999,0.797,0.528,0.9740000000000001,0.256,0.506,6.966,0.304,0.551,8.228,0.316,0.562,8.564,0.292,0.184,5.045,0.067,1.972,0.317,8.581,Solanaceae
132894,142,0,0,244,0,1982.089,465.465,385.575,1.207,94.44200000000001,138103.0,1332.68,411.346,630.918,192.787,232.733,205.53599999999997,270.884,140956.708,0.828,12.488,29.561999999999998,0.7809999999999999,0.884,0.9620000000000001,0.672,5209.0,179471.655,0.74,0.828,0.465,0.97,0.24,0.49,6.746,0.287,0.536,8.024,0.298,0.545,8.316,0.275,0.168,4.768,0.064,1.911,0.298,8.338,Solanaceae
137605,228,0,0,249,0,2306.3379999999997,459.593,410.969,1.1179999999999999,171.351,247405.5,1364.381,418.574,734.13,205.484,229.797,209.043,163.416,148344.751,0.894,16.352999999999998,38.656,0.8290000000000001,0.9109999999999999,0.556,0.5920000000000001,109800.5,188878.40300000002,0.7290000000000001,0.894,0.45399999999999996,0.9690000000000001,0.37,0.609,8.35,0.44299999999999995,0.665,9.936,0.461,0.679,10.355,0.425,0.27,6.082000000000001,0.1,2.379,0.462,10.365,Solanaceae
126727,16,0,0,245,0,1529.859,435.43699999999995,382.0,1.14,155.083,212148.0,1292.014,401.689,486.969,191.0,217.718,200.922,97.44,130640.591,0.877,20.354,18.469,0.851,0.922,0.597,0.845,85421.0,166336.767,0.762,0.877,0.488,0.971,0.027999999999999997,0.168,2.266,0.035,0.187,2.7960000000000003,0.036000000000000004,0.19,2.887,0.033,0.02,1.6119999999999999,0.01,0.7979999999999999,0.037000000000000005,2.924,Solanaceae
