 ,Area,Mean,StdDev,Mode,Min,Max,X,Y,XM,YM,Perim.,BX,BY,Width,Height,Major,Minor,Angle,Circ.,Feret,IntDen,Median,Skew,Kurt,%Area,RawIntDen,FeretX,FeretY,FeretAngle,MinFeret,AR,Round,Solidity,Label,Perimeter,*Feret,*Breadth,*AspRatio,*RFactor,*ConvexArea,*ConvexPerimeter,*ArEquivD,*PerEquivD,*MinR,*MaxR,*avgR,*VarianceR,*EquivEllAr,*ModRatio,*HaralickRatio,*ThinnessR,*Roundness,*Compactness,*Solidity,*Convexity,*Concavity,*ArBBox,*Rectang,*Sphericity,*Elongation,*Bending Energy,*Jaggedness,*Circularity,*Endocarp,Distance CM-FB,StD,Skewness,Kurtosis,Intensity sum,Uniformity,Entropy,Smothness R,GLCM-Contrast,GLCM-Correlation,GLCM-Energy,GLCM-Homogeneity,Mean Red,Sqrt Mean Red,StD Red,Mean Green,Sqrt Mean Green,StD Green,Mean Blue,Sqrt Mean Blue,StD Blue,Mean RGB,Mean H,StD H,Mean S,StD S,Mean V,StD V
1,451,149.000,33.634,0,85,85,15.292,15.076,15.335,12.551,78.527,4,4,23,23,26.403,21.748,42.947,0.919,28.425,17815.000,0,1.237,0.495,0,17815.000,5,25,39.289,23.000,1.214,0.824,0.965,Test,78.527,28.425,23.000,1.236,5.549,495.500,79.466,23.963,24.996,11.500,14.213,12.029,1.781,513.480,0.809,9.012,13.673,0.711,0.843,0.910,1.012,44.500,653.783,0.690,0.809,1.088,0.246,0.959,0.919,372.473,10.055,0.000,NaN,NaN,38335,1.000,-0.000,0.000,133.650,-0.083,0.004,0.238,255.000,15.969,0.000,0.000,0.000,0.000,0.000,0.000,0.000,85.000,0.000,0.000,255.000,0.000,255.000,0.000
2,426,141.000,29.094,0,85,85,77.068,15.667,76.775,14.675,77.941,66,4,23,23,25.704,21.102,128.627,0.881,27.019,39502.000,0,-0.382,0.421,0,39502.000,68,6,141.009,22.361,1.218,0.821,0.942,Test,77.941,27.019,22.361,1.208,5.608,476.000,77.874,23.289,24.809,11.180,13.509,11.703,2.227,474.500,0.828,7.843,14.260,0.743,0.862,0.895,0.999,50.000,604.152,0.705,0.828,1.135,0.065,0.939,0.881,348.059,2.668,0.000,NaN,NaN,36210,1.000,-0.000,0.000,137.666,-0.028,0.005,0.244,255.000,15.969,0.000,0.000,0.000,0.000,0.000,0.000,0.000,85.000,0.000,0.000,255.000,0.000,255.000,0.000
3,417,140.000,43.670,0,85,216,108.068,15.392,107.094,14.687,80.426,98,4,21,23,26.007,20.415,57.150,0.810,29.206,27740.000,0,0.523,-0.374,0,27740.000,98,27,51.953,21.000,1.274,0.785,0.960,Test,80.426,29.206,21.000,1.391,4.997,458.500,78.372,23.042,25.601,10.500,14.603,11.234,1.634,481.708,0.719,8.789,15.512,0.622,0.789,0.909,0.974,41.500,613.329,0.680,0.719,1.234,0.312,0.900,0.810,336.574,4.027,12.481,8.835,79.197,36055,0.971,0.146,0.002,154.696,-0.080,0.004,0.239,254.187,15.943,7.667,2.664,1.632,22.292,2.547,1.596,21.323,86.466,1.333,15.220,251.837,26.308,254.249,7.201
4,368,132.000,52.895,0,85,234,200.500,15.090,200.514,13.028,81.355,191,4,19,23,25.328,18.499,64.017,0.699,27.803,26299.000,0,1.061,0.433,0,26299.000,192,26,52.306,19.000,1.369,0.730,0.951,Test,81.355,27.803,19.000,1.463,4.705,411.000,73.559,21.646,25.896,9.500,13.901,10.568,3.159,414.890,0.683,5.946,17.986,0.606,0.779,0.895,0.904,43.000,528.255,0.697,0.683,1.431,1.682,0.836,0.699,286.645,3.837,28.581,3.799,12.915,33951,0.879,0.598,0.012,152.800,-0.092,0.005,0.246,253.239,15.913,8.707,12.348,3.514,48.186,11.204,3.347,43.758,92.264,1.701,13.677,242.375,49.135,253.239,8.707
5,359,121.000,46.330,0,85,211,139.375,14.748,139.229,13.107,70.527,128,5,23,19,24.857,18.389,25.646,0.907,26.077,36575.000,0,0.250,-0.805,0,36575.000,128,22,32.471,19.000,1.352,0.740,0.954,Test,70.527,26.077,19.000,1.372,4.931,404.000,71.483,21.380,22.449,9.500,13.038,10.764,2.560,389.133,0.729,6.728,13.855,0.672,0.820,0.889,1.014,45.000,495.459,0.725,0.729,1.103,0.135,0.952,0.907,288.473,9.885,12.425,9.418,87.253,30986,0.978,0.111,0.002,146.230,-0.050,0.005,0.245,254.869,15.965,2.428,2.315,1.521,21.862,1.749,1.323,16.506,86.311,0.276,2.609,253.150,17.512,254.869,2.428
6,414,137.000,31.981,0,85,85,170.599,14.614,170.080,12.550,75.456,159,5,23,20,24.985,21.098,160.567,0.914,27.659,19791.000,0,0.493,-0.707,0,19791.000,159,6,139.399,20.000,1.184,0.844,0.975,Test,75.456,27.659,20.000,1.383,5.374,467.000,76.685,22.959,24.018,10.000,13.829,11.995,1.029,434.461,0.723,11.823,13.753,0.689,0.830,0.887,1.016,53.000,553.173,0.748,0.723,1.094,0.569,0.956,0.914,338.544,5.290,0.000,NaN,NaN,35190,1.000,-0.000,0.000,148.342,-0.034,0.004,0.237,255.000,15.969,0.000,0.000,0.000,0.000,0.000,0.000,0.000,85.000,0.000,0.000,255.000,0.000,255.000,0.000
7,386,133.000,53.055,0,85,213,46.459,14.917,46.718,11.933,74.042,35,6,23,18,25.063,19.610,0.826,0.885,26.077,25534.000,0,0.679,-0.846,0,25534.000,35,21,32.471,18.000,1.278,0.782,0.974,Test,74.042,26.077,18.000,1.449,5.426,444.500,74.748,22.169,23.568,9.000,13.038,11.902,1.459,368.652,0.690,9.855,14.202,0.723,0.850,0.868,1.010,58.500,469.383,0.822,0.690,1.130,0.461,0.941,0.885,311.958,8.071,18.085,5.187,25.695,34143,0.929,0.346,0.005,152.073,-0.081,0.005,0.249,253.373,15.918,9.929,6.098,2.470,31.616,5.899,2.429,30.509,88.457,1.909,19.638,247.832,37.224,253.373,9.929
8,369,126.000,41.289,0,85,218,46.112,46.378,46.412,43.485,71.456,37,35,18,23,24.815,18.933,103.429,0.908,26.077,19892.000,0,1.557,2.124,0,19892.000,40,35,122.471,18.000,1.311,0.763,0.967,Test,71.456,26.077,18.000,1.449,7.007,574.000,72.655,21.675,22.745,9.000,13.038,11.350,1.220,368.652,0.690,10.274,13.837,0.691,0.831,0.643,1.017,205.000,469.383,0.786,0.690,1.101,0.322,0.953,0.908,297.544,10.440,16.939,6.053,35.578,32394,0.947,0.270,0.004,355.824,0.876,0.014,0.315,253.921,15.935,7.409,4.878,2.209,29.394,4.569,2.138,27.494,87.790,0.916,13.135,249.556,32.747,253.921,7.409
9,419,141.000,41.747,0,85,207,107.154,46.560,106.927,44.536,75.698,97,35,21,23,25.947,20.560,119.201,0.919,28.018,38383.000,0,0.284,-0.264,0,38383.000,99,35,124.824,21.000,1.262,0.792,0.968,Test,75.698,28.018,21.000,1.334,7.504,660.500,77.343,23.097,24.096,10.500,14.009,11.817,2.217,462.109,0.750,7.936,13.676,0.680,0.824,0.634,1.022,241.500,588.375,0.712,0.750,1.088,0.240,0.959,0.919,343.302,9.733,13.298,7.655,57.239,36337,0.967,0.165,0.003,585.520,0.891,0.069,0.434,254.458,15.952,4.435,3.112,1.764,23.969,2.601,1.613,19.991,86.724,0.310,2.439,252.010,22.978,254.458,4.435
10,386,128.000,37.830,0,85,85,138.487,46.324,138.668,44.292,73.355,128,35,21,23,25.850,19.012,57.663,0.901,27.203,34372.000,0,0.089,-0.715,0,34372.000,130,57,53.973,19.597,1.360,0.735,0.954,Test,73.355,27.203,19.597,1.388,6.986,597.000,73.812,22.169,23.350,9.799,13.601,11.034,2.398,418.703,0.720,7.125,13.940,0.664,0.815,0.647,1.006,211.000,533.109,0.724,0.720,1.109,0.127,0.949,0.901,312.645,2.577,0.000,NaN,NaN,32810,1.000,-0.000,0.000,672.201,0.879,0.073,0.434,255.000,15.969,0.000,0.000,0.000,0.000,0.000,0.000,0.000,85.000,0.000,0.000,255.000,0.000,255.000,0.000
11,423,159.000,57.205,0,85,241,169.970,45.389,169.576,45.857,75.698,159,35,23,21,24.301,22.163,13.060,0.928,26.926,30344.000,0,1.208,0.623,0,30344.000,159,53,31.329,21.000,1.096,0.912,0.961,Test,75.698,26.926,21.000,1.282,8.098,685.000,77.340,23.207,24.096,10.500,13.463,12.068,0.690,444.097,0.780,14.526,13.547,0.743,0.862,0.618,1.022,262.000,565.442,0.748,0.780,1.078,0.127,0.963,0.928,347.302,8.358,35.867,2.838,6.451,40944,0.807,0.977,0.019,804.321,0.869,0.119,0.492,251.811,15.869,12.423,19.759,4.445,59.359,18.801,4.336,56.417,96.790,7.371,39.433,233.572,64.005,251.813,12.407
12,414,138.000,35.179,0,85,200,15.348,45.978,15.491,43.621,75.456,4,36,23,20,25.244,20.881,17.288,0.914,27.803,15642.000,0,1.654,2.529,0,15642.000,4,55,37.694,20.000,1.209,0.827,0.970,Test,75.456,27.803,20.000,1.390,7.774,679.000,77.032,22.959,24.018,10.000,13.901,11.837,1.686,436.727,0.719,9.115,13.753,0.682,0.826,0.610,1.021,265.000,556.058,0.745,0.719,1.094,0.181,0.956,0.914,338.544,10.293,8.411,11.883,141.412,35485,0.986,0.069,0.001,460.815,0.913,0.067,0.439,254.720,15.960,3.418,1.227,1.108,14.419,1.188,1.090,13.964,85.712,0.027,0.314,253.597,16.450,254.720,3.418
13,388,130.000,42.625,0,85,232,77.418,45.974,77.456,44.426,73.698,66,36,23,20,26.247,18.822,31.223,0.898,28.601,39744.000,0,0.181,-0.379,0,39744.000,66,55,36.469,19.969,1.394,0.717,0.965,Test,73.698,28.601,19.969,1.432,7.078,636.000,74.997,22.226,23.459,9.985,14.300,10.970,3.366,448.567,0.698,5.979,13.999,0.604,0.777,0.610,1.018,248.000,571.133,0.679,0.698,1.114,0.305,0.947,0.898,314.302,2.530,10.899,11.599,135.344,33349,0.985,0.078,0.002,638.756,0.887,0.081,0.452,254.869,15.965,2.007,1.693,1.301,19.269,1.296,1.139,14.826,85.953,0.240,2.725,253.613,15.779,254.869,2.007
14,415,138.000,39.511,0,85,202,201.580,46.237,201.653,44.412,75.113,190,36,23,21,25.710,20.552,149.742,0.924,27.659,34593.000,0,0.294,-0.426,0,34593.000,192,36,139.399,21.000,1.251,0.799,0.967,Test,75.113,27.659,21.000,1.317,7.837,681.000,76.516,22.987,23.909,10.500,13.829,11.623,2.008,456.184,0.759,8.203,13.595,0.691,0.831,0.609,1.019,266.000,580.831,0.714,0.759,1.082,0.267,0.961,0.924,339.887,4.522,5.743,20.298,410.002,35392,0.995,0.024,5.070E-4,673.777,0.894,0.161,0.551,254.933,15.967,1.374,0.513,0.716,10.456,0.400,0.632,8.149,85.282,0.077,1.571,254.549,9.179,254.933,1.374
15,427,142.000,33.326,0,85,149,77.406,77.123,77.281,76.278,76.870,67,66,21,23,25.003,21.744,114.954,0.908,27.803,22218.000,0,0.653,-0.109,0,22218.000,67,67,127.694,21.000,1.150,0.870,0.963,Test,76.870,27.803,21.000,1.324,9.989,872.500,77.888,23.317,24.468,10.500,13.901,12.006,1.036,458.563,0.755,11.797,13.838,0.703,0.839,0.489,1.013,445.500,583.860,0.731,0.755,1.101,0.242,0.953,0.908,350.130,6.089,5.297,11.808,137.466,36485,0.986,0.067,4.313E-4,1171.985,0.811,0.271,0.608,254.194,15.943,9.590,1.042,1.021,12.405,1.103,1.050,13.129,85.447,1.049,12.500,253.396,19.095,254.311,8.195
16,345,114.000,32.454,0,85,145,139.361,77.367,139.654,76.707,69.113,130,66,18,23,23.932,18.355,82.485,0.908,25.080,20656.000,0,0.274,-0.612,0,20656.000,135,89,66.501,18.000,1.304,0.767,0.953,Test,69.113,25.080,18.000,1.393,8.783,692.000,70.092,20.959,21.999,9.000,12.540,10.655,1.361,354.558,0.718,9.133,13.845,0.698,0.836,0.499,1.014,347.000,451.438,0.764,0.718,1.102,1.724,0.953,0.908,275.887,4.829,4.340,13.074,169.412,29439,0.988,0.057,2.895E-4,923.294,0.851,0.232,0.593,254.293,15.947,9.277,0.786,0.886,10.308,0.913,0.956,11.976,85.330,0.959,12.587,253.748,16.422,254.435,7.415
17,373,124.000,46.215,0,85,201,169.267,77.629,169.382,75.094,70.527,160,66,19,23,24.142,19.672,88.127,0.942,25.080,29644.000,0,0.299,-0.861,0,29644.000,164,66,113.499,19.000,1.227,0.815,0.963,Test,70.527,25.080,19.000,1.320,8.688,684.500,71.892,21.793,22.449,9.500,12.540,11.213,0.841,374.256,0.758,12.225,13.335,0.755,0.869,0.545,1.019,311.500,476.518,0.783,0.758,1.061,0.151,0.971,0.942,302.473,4.432,8.056,13.608,183.718,31925,0.989,0.054,9.971E-4,1013.377,0.837,0.268,0.609,254.845,15.964,2.182,1.094,1.046,14.924,0.834,0.913,11.376,85.591,0.155,2.121,254.056,12.870,254.845,2.182
18,403,138.000,43.574,0,85,236,201.455,75.892,200.449,74.187,73.941,190,66,23,21,24.094,21.297,163.589,0.926,25.239,35232.000,0,0.331,-0.154,0,35232.000,191,68,146.310,21.000,1.131,0.884,0.962,Test,73.941,25.239,21.000,1.202,11.527,914.000,74.607,22.652,23.536,10.500,12.619,11.730,0.604,416.274,0.832,15.089,13.566,0.806,0.898,0.441,1.009,511.000,530.016,0.760,0.832,1.080,0.214,0.962,0.926,329.059,2.387,18.401,5.744,32.065,35539,0.941,0.288,0.005,1122.089,0.813,0.329,0.642,253.752,15.930,7.558,5.928,2.435,34.021,4.873,2.208,27.967,88.184,0.886,5.146,249.156,33.408,253.752,7.558
19,377,125.000,36.053,0,85,85,108.179,76.269,107.774,75.380,72.770,96,67,25,19,26.988,17.786,158.120,0.895,28.178,22921.000,0,0.298,-0.633,0,22921.000,96,69,152.526,19.000,1.517,0.659,0.954,Test,72.770,28.178,19.000,1.483,9.382,830.500,74.232,21.909,23.163,9.500,14.089,11.002,3.335,420.488,0.674,6.025,14.046,0.605,0.778,0.454,1.020,453.500,535.382,0.704,0.674,1.118,0.995,0.946,0.895,304.230,1.282,0.000,NaN,NaN,32045,1.000,-0.000,0.000,890.609,0.847,0.359,0.670,255.000,15.969,0.000,0.000,0.000,0.000,0.000,0.000,0.000,85.000,0.000,0.000,255.000,0.000,255.000,0.000
20,380,126.000,44.002,0,85,192,46.445,76.895,46.314,74.836,72.042,35,68,23,18,24.698,19.590,175.958,0.920,25.807,32438.000,0,0.120,-0.796,0,32438.000,36,69,144.462,18.000,1.261,0.793,0.973,Test,72.042,25.807,18.000,1.434,11.526,934.500,73.576,21.996,22.932,9.000,12.903,11.971,0.565,364.838,0.697,15.921,13.658,0.726,0.852,0.407,1.021,554.500,464.526,0.818,0.697,1.087,0.289,0.959,0.920,307.958,9.496,5.489,19.417,375.003,32407,0.995,0.026,4.631E-4,1057.492,0.831,0.283,0.621,254.913,15.966,1.693,0.532,0.729,10.362,0.397,0.630,7.746,85.281,0.079,1.539,254.542,8.926,254.913,1.693
21,315,104.000,49.838,0,85,85,15.551,76.529,15.634,74.470,77.698,4,69,23,15,25.148,15.948,179.083,0.656,25.495,24386.000,0,0.408,-1.093,0,24386.000,4,70,154.440,15.000,1.577,0.634,0.949,Test,77.698,25.495,15.000,1.700,12.329,987.500,70.327,20.027,24.732,7.500,12.748,9.495,10.574,300.357,0.588,2.920,19.165,0.617,0.786,0.319,0.905,672.500,382.426,0.824,0.588,1.525,1.888,0.810,0.656,237.302,9.358,0.000,NaN,NaN,26775,1.000,-0.000,0.000,1015.170,0.836,0.295,0.626,255.000,15.969,0.000,0.000,0.000,0.000,0.000,0.000,0.000,85.000,0.000,0.000,255.000,0.000,255.000,0.000
22,484,160.000,32.703,0,85,85,77.378,108.014,77.364,106.361,82.770,65,96,25,24,28.687,21.481,44.239,0.888,30.480,21251.000,0,0.947,0.032,0,21251.000,66,118,41.009,23.335,1.335,0.749,0.957,Test,82.770,30.480,23.335,1.306,11.300,1082.000,82.680,24.824,26.346,11.667,15.240,12.360,3.129,558.595,0.766,6.988,14.155,0.663,0.814,0.447,0.999,598.000,711.225,0.681,0.766,1.126,0.210,0.942,0.888,401.230,0.378,0.000,NaN,NaN,41140,1.000,-0.000,0.000,1043.150,0.811,0.415,0.709,255.000,15.969,0.000,0.000,0.000,0.000,0.000,0.000,0.000,85.000,0.000,0.000,255.000,0.000,255.000,0.000
23,383,129.000,39.426,0,85,219,15.025,108.432,15.066,106.783,72.042,6,97,18,23,25.065,19.455,100.777,0.927,26.627,44220.000,0,0.137,-0.225,0,44220.000,8,97,124.287,18.000,1.288,0.776,0.978,Test,72.042,26.627,18.000,1.479,11.058,925.000,74.213,22.083,22.932,9.000,13.314,11.917,0.863,376.431,0.676,12.826,13.551,0.688,0.829,0.414,1.030,542.000,479.287,0.799,0.676,1.078,3.336,0.963,0.927,310.958,11.841,12.709,9.813,95.237,33051,0.979,0.105,0.002,982.064,0.830,0.353,0.659,254.768,15.961,3.420,2.446,1.564,23.889,1.671,1.293,16.298,86.295,0.457,4.519,253.201,17.551,254.825,2.414
24,375,129.000,38.784,0,85,225,45.855,108.647,45.802,106.815,72.284,37,97,19,23,24.733,19.305,101.546,0.902,25.807,33306.000,0,0.723,0.827,0,33306.000,38,98,125.538,19.000,1.281,0.781,0.960,Test,72.284,25.807,19.000,1.358,10.799,875.500,73.124,21.851,23.009,9.500,12.903,11.538,1.012,385.106,0.736,11.467,13.933,0.717,0.847,0.428,1.012,500.500,490.333,0.765,0.736,1.109,0.218,0.950,0.902,302.716,7.586,19.772,5.730,31.391,33151,0.942,0.293,0.006,1226.991,0.792,0.333,0.654,254.117,15.941,6.236,6.040,2.458,34.896,5.056,2.249,29.206,88.404,0.837,4.993,249.229,33.328,254.120,6.208
25,435,155.000,46.341,0,85,221,139.252,108.599,139.253,106.694,78.184,128,97,23,23,26.314,21.048,44.696,0.894,28.018,48157.000,0,0.377,-0.484,0,48157.000,131,120,55.176,22.578,1.250,0.800,0.952,Test,78.184,28.018,22.578,1.241,10.702,942.000,78.084,23.534,24.887,11.289,14.009,11.854,1.957,496.832,0.806,8.474,14.052,0.706,0.840,0.462,0.999,507.000,632.586,0.688,0.806,1.118,0.173,0.946,0.894,356.816,1.619,27.888,3.932,13.552,39895,0.893,0.527,0.012,1217.771,0.775,0.407,0.694,254.361,15.949,4.135,11.786,3.433,48.885,9.000,3.000,37.343,91.716,1.444,6.012,245.524,39.364,254.361,4.135
26,419,139.000,29.952,0,85,85,200.963,107.825,200.790,106.112,75.355,190,97,22,23,23.827,22.390,132.458,0.927,25.942,18914.000,0,0.751,-0.201,0,18914.000,194,97,117.553,22.000,1.064,0.940,0.956,Test,75.355,25.942,22.000,1.179,13.117,1069.000,76.463,23.097,23.986,11.000,12.971,12.079,1.067,448.250,0.848,11.693,13.552,0.793,0.890,0.392,1.015,650.000,570.729,0.734,0.848,1.078,0.036,0.963,0.927,343.645,4.176,0.000,NaN,NaN,35615,1.000,-0.000,0.000,1230.889,0.784,0.380,0.678,255.000,15.969,0.000,0.000,0.000,0.000,0.000,0.000,0.000,85.000,0.000,0.000,255.000,0.000,255.000,0.000
27,399,132.000,28.409,0,85,85,108.400,108.104,107.842,105.886,73.113,97,98,23,20,25.116,20.227,21.908,0.938,26.627,14852.000,0,0.828,-0.235,0,14852.000,97,115,34.287,20.000,1.242,0.805,0.968,Test,73.113,26.627,20.000,1.331,10.197,853.000,74.647,22.539,23.272,10.000,13.314,11.586,1.383,418.257,0.751,9.850,13.397,0.717,0.846,0.468,1.021,454.000,532.541,0.749,0.751,1.066,0.213,0.968,0.938,325.887,9.259,0.000,NaN,NaN,33915,1.000,-0.000,0.000,1139.453,0.794,0.393,0.690,255.000,15.969,0.000,0.000,0.000,0.000,0.000,0.000,0.000,85.000,0.000,0.000,255.000,0.000,255.000,0.000
28,368,130.000,45.182,0,85,236,170.375,108.196,170.497,106.673,71.698,159,99,23,19,24.920,18.802,20.905,0.900,26.077,36332.000,0,0.593,0.398,0,36332.000,160,116,32.471,19.000,1.325,0.755,0.952,Test,71.698,26.077,19.000,1.372,13.177,1079.500,72.429,21.646,22.822,9.500,13.038,11.187,1.801,389.133,0.729,8.337,13.969,0.689,0.830,0.341,1.010,711.500,495.459,0.743,0.729,1.112,0.127,0.948,0.900,296.302,9.385,25.812,4.575,19.257,33289,0.915,0.426,0.010,1037.245,0.812,0.400,0.693,254.315,15.947,4.481,9.731,3.119,45.814,7.340,2.709,34.615,90.462,1.446,6.842,247.163,36.878,254.315,4.481
29,421,144.000,48.019,0,85,229,45.989,138.980,45.760,136.548,75.698,36,128,21,23,25.511,21.012,59.067,0.923,27.659,32319.000,0,0.923,0.396,0,32319.000,36,149,40.601,21.000,1.214,0.824,0.972,Test,75.698,27.659,21.000,1.317,15.295,1329.000,77.220,23.152,24.096,10.500,13.829,12.082,1.699,456.184,0.759,9.270,13.611,0.701,0.837,0.317,1.020,908.000,580.831,0.725,0.759,1.083,0.245,0.961,0.923,345.302,3.616,19.004,6.339,38.525,37026,0.953,0.236,0.006,1111.368,0.799,0.410,0.703,254.705,15.959,2.793,5.062,2.250,32.551,4.090,2.022,26.314,87.952,0.589,3.835,250.686,27.732,254.705,2.793
30,383,127.000,34.502,0,85,165,76.296,139.466,76.062,138.452,73.456,67,128,19,23,25.041,19.474,106.741,0.892,26.401,20125.000,0,0.532,-0.597,0,20125.000,68,129,127.304,19.000,1.286,0.778,0.962,Test,73.456,26.401,19.000,1.390,14.058,1166.000,74.079,22.083,23.382,9.500,13.200,11.511,1.872,393.967,0.720,8.414,14.088,0.700,0.836,0.328,1.008,783.000,501.614,0.764,0.720,1.121,1.584,0.944,0.892,309.544,10.264,4.088,19.494,378.003,32635,0.995,0.026,2.569E-4,964.031,0.823,0.423,0.708,254.789,15.962,4.139,0.410,0.640,8.022,0.431,0.656,8.431,85.210,0.614,12.008,254.397,11.804,254.789,4.139
31,455,158.000,50.109,0,85,219,107.797,138.975,107.479,139.014,81.355,97,128,23,23,25.297,22.901,44.525,0.864,27.659,30111.000,0,1.030,-0.012,0,30111.000,98,149,40.601,23.000,1.105,0.905,0.961,Test,81.355,27.659,23.000,1.203,16.497,1433.500,79.986,24.069,25.896,11.500,13.829,12.420,1.414,499.630,0.832,10.444,14.547,0.757,0.870,0.317,0.983,978.500,636.149,0.715,0.832,1.158,0.229,0.929,0.864,373.645,8.361,20.168,5.048,24.104,40462,0.927,0.353,0.006,865.471,0.837,0.452,0.737,253.703,15.928,7.274,6.675,2.584,34.055,6.409,2.532,32.701,88.929,1.857,20.152,247.609,37.606,253.703,7.274
32,377,137.000,44.968,0,85,219,138.598,139.357,138.606,137.606,71.941,129,128,19,23,24.406,19.668,106.040,0.915,25.495,41924.000,0,0.271,-0.410,0,41924.000,133,128,115.560,19.000,1.241,0.806,0.962,Test,71.941,25.495,19.000,1.342,12.086,968.000,72.482,21.909,22.900,9.500,12.748,11.127,1.172,380.452,0.745,10.279,13.728,0.738,0.859,0.389,1.008,591.000,484.407,0.778,0.745,1.092,0.269,0.957,0.915,305.059,8.366,29.294,3.339,9.364,35143,0.857,0.715,0.013,1110.670,0.792,0.427,0.712,251.958,15.873,12.071,15.279,3.909,54.139,12.419,3.524,44.043,93.218,2.788,10.266,240.239,52.352,252.098,11.350
33,399,132.000,31.680,0,85,85,170.214,139.330,170.382,137.346,75.698,160,128,21,23,26.169,19.414,120.409,0.875,28.018,28561.000,0,-0.132,-0.571,0,28561.000,162,128,124.824,20.241,1.348,0.742,0.953,Test,75.698,28.018,20.241,1.384,14.934,1314.500,76.101,22.539,24.096,10.120,14.009,11.266,3.115,445.402,0.722,6.383,14.362,0.647,0.804,0.304,1.005,915.500,567.103,0.704,0.722,1.143,0.591,0.935,0.875,323.302,2.583,0.000,NaN,NaN,33915,1.000,-0.000,0.000,924.127,0.831,0.436,0.724,255.000,15.969,0.000,0.000,0.000,0.000,0.000,0.000,0.000,85.000,0.000,0.000,255.000,0.000,255.000,0.000
34,384,131.000,40.208,0,85,228,201.318,139.458,201.220,137.378,71.698,192,128,19,23,24.595,19.879,101.342,0.939,25.554,33999.000,0,0.550,0.638,0,33999.000,195,128,120.579,19.000,1.237,0.808,0.971,Test,71.698,25.554,19.000,1.345,13.696,1099.500,73.216,22.112,22.822,9.500,12.777,11.564,0.775,381.329,0.744,13.135,13.387,0.749,0.865,0.349,1.021,715.500,485.523,0.791,0.744,1.065,0.173,0.969,0.939,312.302,8.877,17.725,6.827,45.158,33626,0.959,0.209,0.005,991.538,0.819,0.424,0.712,254.656,15.958,3.294,4.490,2.119,30.876,3.573,1.890,24.595,87.573,0.581,4.035,251.169,26.327,254.656,3.294
35,396,131.000,41.857,0,85,85,15.475,138.990,15.762,136.627,73.698,4,129,23,20,25.171,20.031,25.532,0.916,27.019,25850.000,0,0.577,-0.623,0,25850.000,5,147,38.991,20.000,1.257,0.796,0.962,Test,73.698,27.019,20.000,1.351,13.967,1185.500,74.638,22.454,23.459,10.000,13.509,11.441,2.401,424.406,0.740,7.383,13.716,0.691,0.831,0.334,1.013,789.500,540.370,0.733,0.740,1.091,0.247,0.957,0.916,322.302,10.390,0.000,NaN,NaN,33660,1.000,-0.000,0.000,964.483,0.821,0.438,0.728,255.000,15.969,0.000,0.000,0.000,0.000,0.000,0.000,0.000,85.000,0.000,0.000,255.000,0.000,255.000,0.000
36,460,152.000,32.071,0,85,85,14.813,170.200,14.496,168.067,78.870,4,159,22,23,24.667,23.744,99.897,0.929,27.019,24823.000,0,0.351,-0.791,0,24823.000,5,160,128.991,22.000,1.039,0.963,0.976,Test,78.870,27.019,22.000,1.228,19.604,1664.000,80.184,24.201,25.105,11.000,13.509,12.849,0.384,466.846,0.814,20.724,13.523,0.802,0.896,0.276,1.017,1204.000,594.407,0.774,0.814,1.076,0.239,0.964,0.929,381.130,7.510,0.000,NaN,NaN,39100,1.000,-0.000,0.000,890.422,0.829,0.455,0.719,255.000,15.969,0.000,0.000,0.000,0.000,0.000,0.000,0.000,85.000,0.000,0.000,255.000,0.000,255.000,0.000
37,420,139.000,39.463,0,85,85,76.971,170.569,76.860,168.300,76.527,67,159,21,23,25.277,21.156,114.495,0.901,27.459,38796.000,0,0.078,-0.539,0,38796.000,69,159,123.111,21.000,1.195,0.837,0.963,Test,76.527,27.459,21.000,1.308,17.035,1469.500,77.097,23.125,24.359,10.500,13.730,11.962,1.439,452.892,0.765,9.972,13.944,0.709,0.842,0.286,1.007,1049.500,576.640,0.728,0.765,1.110,0.311,0.949,0.901,343.473,6.218,0.000,NaN,NaN,35700,1.000,-0.000,0.000,871.094,0.835,0.448,0.720,255.000,15.969,0.000,0.000,0.000,0.000,0.000,0.000,0.000,85.000,0.000,0.000,255.000,0.000,255.000,0.000
38,487,169.000,45.972,0,85,207,108.438,170.358,108.455,169.777,81.698,97,159,23,23,25.074,24.730,44.083,0.917,27.803,29423.000,0,1.080,0.170,0,29423.000,98,161,142.306,23.000,1.014,0.986,0.976,Test,81.698,27.803,23.000,1.209,19.366,1691.500,82.612,24.901,26.005,11.500,13.901,12.991,0.937,502.236,0.827,13.420,13.706,0.802,0.896,0.288,1.011,1204.500,639.466,0.762,0.827,1.091,2.032,0.958,0.917,405.302,10.463,19.036,4.510,18.804,43392,0.912,0.433,0.006,881.289,0.838,0.422,0.700,252.355,15.886,12.738,7.503,2.739,34.614,7.450,2.729,34.345,89.103,4.741,33.371,245.380,44.365,252.355,12.738
39,381,126.000,35.581,0,85,192,170.227,170.188,169.749,168.771,72.527,159,160,23,20,24.559,19.753,22.870,0.910,25.942,33296.000,0,0.273,-0.226,0,33296.000,159,177,27.553,20.000,1.243,0.804,0.955,Test,72.527,25.942,20.000,1.297,13.730,1119.000,73.089,22.025,23.086,10.000,12.971,11.182,1.337,407.500,0.771,9.671,13.806,0.721,0.849,0.340,1.008,738.000,518.845,0.734,0.771,1.099,0.179,0.954,0.910,308.473,8.171,5.482,19.442,376.003,32492,0.995,0.026,4.619E-4,899.347,0.839,0.417,0.696,254.913,15.966,1.691,0.517,0.719,10.093,0.409,0.640,7.992,85.280,0.068,1.332,254.528,9.222,254.913,1.691
40,392,140.000,46.395,0,85,215,201.265,169.765,200.868,167.893,73.113,190,160,23,20,25.291,19.734,153.336,0.922,27.459,38690.000,0,0.488,-0.146,0,38690.000,190,161,146.889,20.000,1.282,0.780,0.964,Test,73.113,27.459,20.000,1.373,17.695,1526.500,74.496,22.341,23.272,10.000,13.730,11.357,1.906,431.326,0.728,8.226,13.636,0.662,0.814,0.257,1.019,1134.500,549.181,0.714,0.728,1.085,0.415,0.960,0.922,318.887,4.394,27.145,3.795,12.511,35965,0.886,0.557,0.011,857.795,0.845,0.415,0.695,253.367,15.918,7.106,12.232,3.497,49.107,9.643,3.105,38.734,91.747,1.740,7.042,244.140,43.606,253.367,7.106
41,363,124.000,38.230,0,85,208,45.971,170.247,46.020,169.177,70.042,36,161,21,19,22.399,20.635,3.095,0.930,24.207,32520.000,0,0.637,0.393,0,32520.000,37,161,128.290,19.000,1.085,0.921,0.977,Test,70.042,24.207,19.000,1.274,21.821,1659.500,72.028,21.499,22.295,9.500,12.104,11.680,0.328,361.237,0.785,20.408,13.515,0.789,0.888,0.219,1.028,1296.500,459.941,0.789,0.785,1.075,3.173,0.964,0.930,292.958,10.055,16.984,6.232,37.272,31830,0.951,0.246,0.004,914.025,0.824,0.455,0.719,254.196,15.944,5.727,4.744,2.178,29.866,4.135,2.033,26.038,87.691,0.433,2.834,250.229,30.070,254.196,5.727
42,335,111.000,36.400,0,85,85,139.097,169.619,139.182,168.259,68.527,128,161,23,18,24.741,17.240,22.641,0.896,25.554,31501.000,0,-0.367,-0.131,0,31501.000,128,176,30.579,18.000,1.435,0.697,0.953,Test,68.527,25.554,18.000,1.420,17.414,1398.000,69.647,20.653,21.813,9.000,12.777,10.398,2.415,361.259,0.704,6.691,14.018,0.653,0.808,0.240,1.016,1063.000,459.970,0.728,0.704,1.115,0.190,0.947,0.896,266.473,7.861,0.000,NaN,NaN,28475,1.000,-0.000,0.000,836.032,0.843,0.439,0.710,255.000,15.969,0.000,0.000,0.000,0.000,0.000,0.000,0.000,85.000,0.000,0.000,255.000,0.000,255.000,0.000
